date,total_cases,new_cases,total_deaths,new_deaths,reproduction_rate,new_tests,total_tests,positive_rate,tests_per_case,total_vaccinations,people_vaccinated,people_fully_vaccinated,stringency_index,serial
2020-03-15,136.0,83.0,0.0,0.0,0.0,149.0,833.0,0.0,0.0,0.0,0.0,0.0,52.78,1
2020-03-16,236.0,100.0,0.0,0.0,2.69,292.0,1125.0,0.0,0.0,0.0,0.0,0.0,52.78,2
2020-03-17,299.0,63.0,0.0,0.0,2.6,16.0,1141.0,0.0,0.0,0.0,0.0,0.0,52.78,3
2020-03-18,454.0,155.0,2.0,2.0,2.51,1022.0,2163.0,0.2562,3.9,0.0,0.0,0.0,52.78,4
2020-03-19,501.0,47.0,3.0,1.0,2.36,1247.0,3410.0,0.1644,6.1,0.0,0.0,0.0,52.78,5
2020-03-20,730.0,229.0,3.0,0.0,2.26,591.0,4001.0,0.2059,4.9,0.0,0.0,0.0,52.78,6
2020-03-21,776.0,46.0,5.0,2.0,2.07,1224.0,5225.0,0.1591,6.3,0.0,0.0,0.0,55.56,7
2020-03-22,875.0,99.0,6.0,1.0,1.93,219.0,5444.0,0.1602,6.2,0.0,0.0,0.0,55.56,8
2020-03-23,972.0,97.0,7.0,1.0,1.81,413.0,5857.0,0.1555,6.4,0.0,0.0,0.0,85.19,9
2020-03-24,1063.0,91.0,8.0,1.0,1.75,266.0,6123.0,0.1533,6.5,0.0,0.0,0.0,93.52,10
2020-03-25,1201.0,138.0,9.0,1.0,1.7,326.0,6449.0,0.1744,5.7,0.0,0.0,0.0,93.52,11
2020-03-26,1373.0,172.0,11.0,2.0,1.68,1386.0,7835.0,0.1971,5.1,0.0,0.0,0.0,96.3,12
2020-03-27,1495.0,122.0,12.0,1.0,1.63,5396.0,13231.0,0.0829,12.1,0.0,0.0,0.0,96.3,13
2020-03-28,1597.0,102.0,14.0,2.0,1.61,1105.0,14336.0,0.0901,11.1,0.0,0.0,0.0,96.3,14
2020-03-29,1717.0,120.0,21.0,7.0,1.61,412.0,14748.0,0.0905,11.0,0.0,0.0,0.0,96.3,15
2020-03-30,1938.0,221.0,26.0,5.0,1.62,935.0,15683.0,0.0983,10.2,0.0,0.0,0.0,96.3,16
2020-03-31,2118.0,180.0,27.0,1.0,1.62,284.0,15967.0,0.1072,9.3,0.0,0.0,0.0,96.3,17
2020-04-01,2421.0,303.0,34.0,7.0,1.63,1357.0,17324.0,0.1122,8.9,0.0,0.0,0.0,96.3,18
2020-04-02,2686.0,265.0,40.0,6.0,1.62,12984.0,30308.0,0.0584,17.1,0.0,0.0,0.0,96.3,19
2020-04-03,2818.0,132.0,41.0,1.0,1.59,2622.0,32930.0,0.0672,14.9,0.0,0.0,0.0,96.3,20
2020-04-04,3157.0,339.0,47.0,6.0,1.6,1955.0,34885.0,0.0759,13.2,0.0,0.0,0.0,96.3,21
2020-04-05,3766.0,609.0,53.0,6.0,1.58,990.0,35875.0,0.097,10.3,0.0,0.0,0.0,96.3,22
2020-04-06,4035.0,269.0,57.0,4.0,1.48,3308.0,39183.0,0.0892,11.2,0.0,0.0,0.0,96.3,23
2020-04-07,4263.0,228.0,61.0,4.0,1.4,2976.0,42159.0,0.0819,12.2,0.0,0.0,0.0,96.3,24
2020-04-08,4489.0,226.0,65.0,4.0,1.35,2737.0,44896.0,0.075,13.3,0.0,0.0,0.0,96.3,25
2020-04-09,4695.0,206.0,66.0,1.0,1.34,9810.0,54706.0,0.0824,12.1,0.0,0.0,0.0,96.3,26
2020-04-10,5011.0,316.0,86.0,20.0,1.34,3130.0,57836.0,0.0881,11.4,0.0,0.0,0.0,96.3,27
2020-04-11,5230.0,219.0,91.0,5.0,1.34,3965.0,61801.0,0.077,13.0,0.0,0.0,0.0,96.3,28
2020-04-12,5496.0,266.0,93.0,2.0,1.36,3313.0,65114.0,0.0592,16.9,0.0,0.0,0.0,96.3,29
2020-04-13,5837.0,341.0,96.0,3.0,1.39,4814.0,69928.0,0.0586,17.1,0.0,0.0,0.0,96.3,30
2020-04-14,6383.0,546.0,111.0,15.0,1.43,3511.0,73439.0,0.0678,14.8,0.0,0.0,0.0,96.3,31
2020-04-15,6919.0,536.0,128.0,17.0,1.44,5540.0,78979.0,0.0713,14.0,0.0,0.0,0.0,92.59,32
2020-04-16,7025.0,106.0,135.0,7.0,1.44,5725.0,84704.0,0.0777,12.9,0.0,0.0,0.0,92.59,33
2020-04-17,7638.0,613.0,143.0,8.0,1.48,7844.0,92548.0,0.0757,13.2,0.0,0.0,0.0,92.59,34
2020-04-18,8348.0,710.0,168.0,25.0,1.51,5974.0,98522.0,0.0849,11.8,0.0,0.0,0.0,92.59,35
2020-04-19,8418.0,70.0,176.0,8.0,1.5,5780.0,104302.0,0.0746,13.4,0.0,0.0,0.0,92.59,36
2020-04-20,9565.0,1147.0,201.0,25.0,1.55,0.0,0.0,0.0978,10.2,0.0,0.0,0.0,92.59,37
2020-04-21,10076.0,511.0,212.0,11.0,1.52,0.0,111806.0,0.0963,10.4,0.0,0.0,0.0,92.59,38
2020-04-22,11155.0,1079.0,237.0,25.0,1.51,6214.0,118020.0,0.1085,9.2,0.0,0.0,0.0,92.59,39
2020-04-23,11940.0,785.0,253.0,16.0,1.47,6529.0,124549.0,0.1234,8.1,0.0,0.0,0.0,92.59,40
2020-04-24,12723.0,783.0,269.0,16.0,1.43,6816.0,131365.0,0.131,7.6,0.0,0.0,0.0,89.81,41
2020-04-25,13328.0,605.0,281.0,12.0,1.4,6782.0,138147.0,0.1257,8.0,0.0,0.0,0.0,89.81,42
2020-04-26,13915.0,587.0,292.0,11.0,1.38,6218.0,144365.0,0.1372,7.3,0.0,0.0,0.0,89.81,43
2020-04-27,14612.0,697.0,312.0,20.0,1.38,6391.0,150756.0,0.1182,8.5,0.0,0.0,0.0,89.81,44
2020-04-28,15525.0,913.0,343.0,31.0,1.4,6467.0,157223.0,0.12,8.3,0.0,0.0,0.0,89.81,45
2020-04-29,16817.0,1292.0,385.0,42.0,1.41,8688.0,165911.0,0.1182,8.5,0.0,0.0,0.0,89.81,46
2020-04-30,18114.0,1297.0,417.0,32.0,1.41,8249.0,174160.0,0.1245,8.0,0.0,0.0,0.0,89.81,47
2020-05-01,19103.0,989.0,440.0,23.0,1.38,7971.0,182131.0,0.1257,8.0,0.0,0.0,0.0,89.81,48
2020-05-02,20084.0,981.0,457.0,17.0,1.37,11728.0,193859.0,0.1213,8.2,0.0,0.0,0.0,89.81,49
2020-05-03,20941.0,857.0,476.0,19.0,1.36,9166.0,203025.0,0.1198,8.3,0.0,0.0,0.0,89.81,50
2020-05-04,22049.0,1108.0,514.0,38.0,1.37,9486.0,212511.0,0.1204,8.3,0.0,0.0,0.0,89.81,51
2020-05-05,24073.0,2024.0,564.0,50.0,1.39,9893.0,222404.0,0.1311,7.6,0.0,0.0,0.0,89.81,52
2020-05-06,24644.0,571.0,585.0,21.0,1.36,10178.0,232582.0,0.1174,8.5,0.0,0.0,0.0,89.81,53
2020-05-07,26435.0,1791.0,599.0,14.0,1.38,12196.0,244778.0,0.1178,8.5,0.0,0.0,0.0,89.81,54
2020-05-08,28736.0,2301.0,636.0,37.0,1.38,12469.0,257247.0,0.1282,7.8,0.0,0.0,0.0,89.81,55
2020-05-09,30334.0,1598.0,659.0,23.0,1.34,12778.0,270025.0,0.1346,7.4,0.0,0.0,0.0,89.81,56
2020-05-10,32081.0,1747.0,706.0,47.0,1.31,13492.0,283517.0,0.1384,7.2,0.0,0.0,0.0,89.81,57
2020-05-11,34336.0,2255.0,737.0,31.0,1.26,11377.0,294894.0,0.1491,6.7,0.0,0.0,0.0,89.81,58
2020-05-12,35298.0,962.0,761.0,24.0,1.21,10957.0,305851.0,0.1345,7.4,0.0,0.0,0.0,89.81,59
2020-05-13,35788.0,490.0,770.0,9.0,1.18,11848.0,317699.0,0.1309,7.6,0.0,0.0,0.0,89.81,60
2020-05-14,38799.0,3011.0,834.0,64.0,1.2,13051.0,330750.0,0.1438,7.0,0.0,0.0,0.0,89.81,61
2020-05-15,38799.0,0.0,834.0,0.0,1.17,13700.0,344450.0,0.1154,8.7,0.0,0.0,0.0,89.81,62
2020-05-16,40151.0,1352.0,873.0,39.0,1.19,14814.0,359264.0,0.11,9.1,0.0,0.0,0.0,78.7,63
2020-05-17,42125.0,1974.0,903.0,30.0,1.21,14146.0,373410.0,0.1117,9.0,0.0,0.0,0.0,85.19,64
2020-05-18,43966.0,1841.0,939.0,36.0,1.22,13925.0,387335.0,0.1042,9.6,0.0,0.0,0.0,85.19,65
2020-05-19,45898.0,1932.0,985.0,46.0,1.23,12957.0,400292.0,0.1122,8.9,0.0,0.0,0.0,85.19,66
2020-05-20,48091.0,2193.0,1017.0,32.0,1.24,13962.0,414254.0,0.1274,7.8,0.0,0.0,0.0,85.19,67
2020-05-21,50694.0,2603.0,1067.0,50.0,1.23,15346.0,429600.0,0.1203,8.3,0.0,0.0,0.0,82.41,68
2020-05-22,52437.0,1743.0,1101.0,34.0,1.22,16387.0,445987.0,0.1343,7.4,0.0,0.0,0.0,82.41,69
2020-05-23,54601.0,2164.0,1133.0,32.0,1.2,14705.0,460692.0,0.1425,7.0,0.0,0.0,0.0,82.41,70
2020-05-24,56349.0,1748.0,1167.0,34.0,1.19,12915.0,473607.0,0.142,7.0,0.0,0.0,0.0,82.41,71
2020-05-25,57705.0,1356.0,1197.0,30.0,1.19,10049.0,483656.0,0.1426,7.0,0.0,0.0,0.0,82.41,72
2020-05-26,59151.0,1446.0,1225.0,28.0,1.21,7252.0,490908.0,0.1463,6.8,0.0,0.0,0.0,82.41,73
2020-05-27,61227.0,2076.0,1260.0,35.0,1.26,8491.0,499399.0,0.1543,6.5,0.0,0.0,0.0,82.41,74
2020-05-28,64028.0,2801.0,1317.0,57.0,1.3,8687.0,508086.0,0.1699,5.9,0.0,0.0,0.0,82.41,75
2020-05-29,66457.0,2429.0,1395.0,78.0,1.34,11931.0,520017.0,0.1894,5.3,0.0,0.0,0.0,82.41,76
2020-05-30,69496.0,3039.0,1483.0,88.0,1.37,12020.0,532037.0,0.2088,4.8,0.0,0.0,0.0,82.41,77
2020-05-31,72460.0,2964.0,1543.0,60.0,1.39,14993.0,547030.0,0.2194,4.6,0.0,0.0,0.0,82.41,78
2020-06-01,76398.0,3938.0,1621.0,78.0,1.42,14106.0,561136.0,0.2413,4.1,0.0,0.0,0.0,82.41,79
2020-06-02,80463.0,4065.0,1688.0,67.0,1.43,16838.0,577974.0,0.2448,4.1,0.0,0.0,0.0,82.41,80
2020-06-03,85264.0,4801.0,1770.0,82.0,1.43,17370.0,595344.0,0.2505,4.0,0.0,0.0,0.0,82.41,81
2020-06-04,89249.0,3985.0,1838.0,68.0,1.41,20167.0,615511.0,0.2348,4.3,0.0,0.0,0.0,69.44,82
2020-06-05,93983.0,4734.0,1935.0,97.0,1.4,22812.0,638323.0,0.2327,4.3,0.0,0.0,0.0,69.44,83
2020-06-06,98943.0,4960.0,2002.0,67.0,1.38,22185.0,660508.0,0.2292,4.4,0.0,0.0,0.0,69.44,84
2020-06-07,103671.0,4728.0,2067.0,65.0,1.35,23100.0,683608.0,0.2285,4.4,0.0,0.0,0.0,61.11,85
2020-06-08,108317.0,4646.0,2172.0,105.0,1.33,22225.0,705833.0,0.2206,4.5,0.0,0.0,0.0,61.11,86
2020-06-09,113702.0,5385.0,2255.0,83.0,1.32,24620.0,730453.0,0.218,4.6,0.0,0.0,0.0,61.11,87
2020-06-10,119536.0,5834.0,2356.0,101.0,1.29,23799.0,754252.0,0.2157,4.6,0.0,0.0,0.0,61.11,88
2020-06-11,125933.0,6397.0,2463.0,107.0,1.27,26573.0,780825.0,0.2219,4.5,0.0,0.0,0.0,61.11,89
2020-06-12,125933.0,0.0,2463.0,0.0,1.24,28344.0,809169.0,0.187,5.3,0.0,0.0,0.0,61.11,90
2020-06-13,132405.0,6472.0,2551.0,88.0,1.26,29850.0,839019.0,0.1874,5.3,0.0,0.0,0.0,61.11,91
2020-06-14,144478.0,12073.0,2729.0,178.0,1.27,29546.0,868565.0,0.2206,4.5,0.0,0.0,0.0,61.11,92
2020-06-15,148921.0,4443.0,2839.0,110.0,1.2,29085.0,897650.0,0.2117,4.7,0.0,0.0,0.0,61.11,93
2020-06-16,154760.0,5839.0,2975.0,136.0,1.15,25015.0,922665.0,0.2136,4.7,0.0,0.0,0.0,61.11,94
2020-06-17,160118.0,5358.0,3093.0,118.0,1.1,28117.0,950782.0,0.2065,4.8,0.0,0.0,0.0,61.11,95
2020-06-18,165062.0,4944.0,3229.0,136.0,1.06,31230.0,982012.0,0.1945,5.1,0.0,0.0,0.0,61.11,96
2020-06-19,171666.0,6604.0,3382.0,153.0,1.04,29094.0,1011106.0,0.2265,4.4,0.0,0.0,0.0,61.11,97
2020-06-20,176617.0,4951.0,3501.0,119.0,0.98,31681.0,1042787.0,0.217,4.6,0.0,0.0,0.0,58.33,98
2020-06-21,181088.0,4471.0,3590.0,89.0,0.94,28855.0,1071642.0,0.1803,5.5,0.0,0.0,0.0,58.33,99
2020-06-22,185034.0,3946.0,3695.0,105.0,0.91,30520.0,1102162.0,0.1766,5.7,0.0,0.0,0.0,60.19,100
2020-06-23,188926.0,3892.0,3755.0,60.0,0.89,24599.0,1126761.0,0.1674,6.0,0.0,0.0,0.0,60.19,101
2020-06-24,192970.0,4044.0,3903.0,148.0,0.87,23380.0,1150141.0,0.1648,6.1,0.0,0.0,0.0,60.19,102
2020-06-25,195745.0,2775.0,3962.0,59.0,0.85,21835.0,1171976.0,0.1615,6.2,0.0,0.0,0.0,60.19,103
2020-06-26,198883.0,3138.0,4035.0,73.0,0.85,21041.0,1193017.0,0.1496,6.7,0.0,0.0,0.0,60.19,104
2020-06-27,202955.0,4072.0,4118.0,83.0,0.86,21123.0,1214140.0,0.1537,6.5,0.0,0.0,0.0,60.19,105
2020-06-28,206512.0,3557.0,4167.0,49.0,0.85,25013.0,1239153.0,0.1518,6.6,0.0,0.0,0.0,60.19,106
2020-06-29,209337.0,2825.0,4304.0,137.0,0.86,23009.0,1262162.0,0.1519,6.6,0.0,0.0,0.0,60.19,107
2020-06-30,213470.0,4133.0,4395.0,91.0,0.87,20930.0,1283092.0,0.157,6.4,0.0,0.0,0.0,60.19,108
2020-07-01,217809.0,4339.0,4473.0,78.0,0.87,22418.0,1305510.0,0.1599,6.3,0.0,0.0,0.0,60.19,109
2020-07-02,221896.0,4087.0,4551.0,78.0,0.87,22128.0,1327638.0,0.168,6.0,0.0,0.0,0.0,66.67,110
2020-07-03,221896.0,0.0,4551.0,0.0,0.85,23135.0,1350773.0,0.1459,6.9,0.0,0.0,0.0,66.67,111
2020-07-04,225283.0,3387.0,4619.0,68.0,0.88,22052.0,1372825.0,0.1407,7.1,0.0,0.0,0.0,66.67,112
2020-07-05,231818.0,6535.0,4762.0,143.0,0.9,25527.0,1398352.0,0.159,6.3,0.0,0.0,0.0,66.67,113
2020-07-06,234509.0,2691.0,4839.0,77.0,0.88,22271.0,1420623.0,0.1589,6.3,0.0,0.0,0.0,66.67,114
2020-07-07,237489.0,2980.0,4922.0,83.0,0.86,24530.0,1445153.0,0.1482,6.7,0.0,0.0,0.0,66.67,115
2020-07-08,240848.0,3359.0,4983.0,61.0,0.84,21951.0,1467104.0,0.1426,7.0,0.0,0.0,0.0,66.67,116
2020-07-09,243599.0,2751.0,5058.0,75.0,0.82,24333.0,1491437.0,0.1325,7.5,0.0,0.0,0.0,66.67,117
2020-07-10,246351.0,2752.0,5123.0,65.0,0.8,23421.0,1514858.0,0.149,6.7,0.0,0.0,0.0,66.67,118
2020-07-11,248872.0,2521.0,5197.0,74.0,0.78,23569.0,1538427.0,0.1424,7.0,0.0,0.0,0.0,66.67,119
2020-07-12,251625.0,2753.0,5266.0,69.0,0.77,24211.0,1562638.0,0.1206,8.3,0.0,0.0,0.0,66.67,120
2020-07-13,253604.0,1979.0,5320.0,54.0,0.75,22532.0,1585170.0,0.116,8.6,0.0,0.0,0.0,66.67,121
2020-07-14,255769.0,2165.0,5386.0,66.0,0.74,21020.0,1606190.0,0.1135,8.8,0.0,0.0,0.0,66.67,122
2020-07-15,257914.0,2145.0,5426.0,40.0,0.72,21749.0,1627939.0,0.1061,9.4,0.0,0.0,0.0,66.67,123
2020-07-16,257914.0,0.0,5426.0,0.0,0.72,24244.0,1652183.0,0.0891,11.2,0.0,0.0,0.0,66.67,124
2020-07-17,261917.0,4003.0,5522.0,96.0,0.74,23907.0,1676090.0,0.0965,10.4,0.0,0.0,0.0,66.67,125
2020-07-18,263496.0,1579.0,5568.0,46.0,0.71,23011.0,1699101.0,0.091,11.0,0.0,0.0,0.0,66.67,126
2020-07-19,265083.0,1587.0,5599.0,31.0,0.69,22559.0,1721660.0,0.0846,11.8,0.0,0.0,0.0,66.67,127
2020-07-20,266096.0,1013.0,5639.0,40.0,0.68,19108.0,1740768.0,0.0803,12.5,0.0,0.0,0.0,66.67,128
2020-07-21,267428.0,1332.0,5677.0,38.0,0.68,17783.0,1758551.0,0.0765,13.1,0.0,0.0,0.0,66.67,129
2020-07-22,269191.0,1763.0,5709.0,32.0,0.67,18331.0,1776882.0,0.0757,13.2,0.0,0.0,0.0,66.67,130
2020-07-23,270400.0,1209.0,5763.0,54.0,0.67,22408.0,1799290.0,0.0849,11.8,0.0,0.0,0.0,66.67,131
2020-07-24,271887.0,1487.0,5787.0,24.0,0.66,22006.0,1821296.0,0.0687,14.6,0.0,0.0,0.0,66.67,132
2020-07-25,273113.0,1226.0,5822.0,35.0,0.65,23630.0,1844926.0,0.0659,15.2,0.0,0.0,0.0,66.67,133
2020-07-26,273113.0,0.0,5822.0,0.0,0.63,23254.0,1868180.0,0.0548,18.2,0.0,0.0,0.0,66.67,134
2020-07-27,274289.0,1176.0,5842.0,20.0,0.65,41666.0,1909846.0,0.0485,20.6,0.0,0.0,0.0,66.67,135
2020-07-28,275225.0,936.0,5865.0,23.0,0.66,21256.0,1931102.0,0.0452,22.1,0.0,0.0,0.0,66.67,136
2020-07-29,276288.0,1063.0,5892.0,27.0,0.66,21628.0,1952730.0,0.0404,24.8,0.0,0.0,0.0,66.67,137
2020-07-30,277402.0,1114.0,5924.0,32.0,0.67,20507.0,1973237.0,0.0403,24.8,0.0,0.0,0.0,66.67,138
2020-07-31,278305.0,903.0,5951.0,27.0,0.66,0.0,0.0,0.0377,26.6,0.0,0.0,0.0,66.67,139
2020-08-01,278305.0,0.0,5951.0,0.0,0.66,0.0,2010170.0,0.0314,31.8,0.0,0.0,0.0,66.67,140
2020-08-02,279699.0,1394.0,5976.0,25.0,0.69,11026.0,2021196.0,0.043,23.2,0.0,0.0,0.0,66.67,141
2020-08-03,280461.0,762.0,5999.0,23.0,0.69,10759.0,2031955.0,0.0505,19.8,0.0,0.0,0.0,66.67,142
2020-08-04,280461.0,0.0,5999.0,0.0,0.69,11915.0,2043870.0,0.0464,21.5,0.0,0.0,0.0,66.67,143
2020-08-05,281136.0,675.0,6014.0,15.0,0.71,0.0,0.0,0.0491,20.3,0.0,0.0,0.0,66.67,144
2020-08-06,281863.0,727.0,6035.0,21.0,0.74,0.0,2058872.0,0.0521,19.2,0.0,0.0,0.0,66.67,145
2020-08-07,282645.0,782.0,6052.0,17.0,0.77,20461.0,2079333.0,0.0495,20.2,0.0,0.0,0.0,66.67,146
2020-08-08,283487.0,842.0,6068.0,16.0,0.79,24366.0,2103699.0,0.0554,18.0,0.0,0.0,0.0,66.67,147
2020-08-09,284121.0,634.0,6082.0,14.0,0.79,23390.0,2127089.0,0.0418,23.9,0.0,0.0,0.0,66.67,148
2020-08-10,284660.0,539.0,6097.0,15.0,0.81,20495.0,2147584.0,0.0363,27.5,0.0,0.0,0.0,47.69,149
2020-08-11,285191.0,531.0,6112.0,15.0,0.83,18227.0,2165811.0,0.0388,25.8,0.0,0.0,0.0,47.69,150
2020-08-12,285921.0,730.0,6129.0,17.0,0.84,20631.0,2186442.0,0.0354,28.2,0.0,0.0,0.0,47.69,151
2020-08-13,286674.0,753.0,6139.0,10.0,0.86,19222.0,2205664.0,0.0328,30.5,0.0,0.0,0.0,47.69,152
2020-08-14,287300.0,626.0,6153.0,14.0,0.87,23745.0,2229409.0,0.031,32.2,0.0,0.0,0.0,47.69,153
2020-08-15,288047.0,747.0,6162.0,9.0,0.88,23722.0,2253131.0,0.0305,32.8,0.0,0.0,0.0,47.69,154
2020-08-16,289215.0,1168.0,6175.0,13.0,0.88,24022.0,2277153.0,0.0339,29.5,0.0,0.0,0.0,47.69,155
2020-08-17,289215.0,0.0,6175.0,0.0,0.85,22448.0,2299601.0,0.03,33.4,0.0,0.0,0.0,47.69,156
2020-08-18,289832.0,617.0,6190.0,15.0,0.86,17612.0,2317213.0,0.0307,32.6,0.0,0.0,0.0,47.69,157
2020-08-19,290445.0,613.0,6201.0,11.0,0.85,22859.0,2340072.0,0.0294,34.0,0.0,0.0,0.0,47.69,158
2020-08-20,290958.0,513.0,6209.0,8.0,0.86,23680.0,2363752.0,0.0271,36.9,0.0,0.0,0.0,47.69,159
2020-08-21,291588.0,630.0,6219.0,10.0,0.87,25613.0,2389365.0,0.0268,37.3,0.0,0.0,0.0,47.69,160
2020-08-22,292174.0,586.0,6231.0,12.0,0.87,25537.0,2414902.0,0.0255,39.2,0.0,0.0,0.0,47.69,161
2020-08-23,293261.0,1087.0,6244.0,13.0,0.86,24956.0,2439858.0,0.0249,40.2,0.0,0.0,0.0,47.69,162
2020-08-24,293261.0,0.0,6244.0,0.0,0.83,23655.0,2463513.0,0.0247,40.5,0.0,0.0,0.0,47.69,163
2020-08-25,293711.0,450.0,6255.0,11.0,0.82,24231.0,2487744.0,0.0227,44.0,0.0,0.0,0.0,47.69,164
2020-08-26,294193.0,482.0,6267.0,12.0,0.81,24593.0,2512337.0,0.0218,46.0,0.0,0.0,0.0,47.69,165
2020-08-27,294638.0,445.0,6274.0,7.0,0.81,23441.0,2535778.0,0.0214,46.7,0.0,0.0,0.0,47.69,166
2020-08-28,295053.0,415.0,6283.0,9.0,0.81,23483.0,2559261.0,0.0204,49.0,0.0,0.0,0.0,47.69,167
2020-08-29,295372.0,319.0,6284.0,1.0,0.82,22434.0,2581695.0,0.0192,52.2,0.0,0.0,0.0,47.69,168
2020-08-30,295636.0,264.0,6288.0,4.0,0.83,21434.0,2603129.0,0.0145,68.7,0.0,0.0,0.0,47.69,169
2020-08-31,295849.0,213.0,6294.0,6.0,0.87,18017.0,2621146.0,0.0164,60.9,0.0,0.0,0.0,47.69,170
2020-09-01,296149.0,300.0,6298.0,4.0,0.92,20922.0,2642068.0,0.0158,63.3,0.0,0.0,0.0,47.69,171
2020-09-02,297014.0,865.0,6328.0,30.0,0.97,20440.0,2662508.0,0.0188,53.2,0.0,0.0,0.0,47.69,172
2020-09-03,297512.0,498.0,6335.0,7.0,0.98,21744.0,2684252.0,0.0194,51.7,0.0,0.0,0.0,47.69,173
2020-09-04,298025.0,513.0,6340.0,5.0,0.98,23218.0,2707470.0,0.0201,49.9,0.0,0.0,0.0,47.69,174
2020-09-05,298025.0,0.0,6340.0,0.0,0.98,24855.0,2732325.0,0.0176,56.8,0.0,0.0,0.0,47.69,175
2020-09-06,298903.0,878.0,6345.0,5.0,1.02,25384.0,2757709.0,0.0211,47.3,0.0,0.0,0.0,47.69,176
2020-09-07,299233.0,330.0,6350.0,5.0,1.01,20980.0,2778689.0,0.0215,46.6,0.0,0.0,0.0,47.69,177
2020-09-08,299659.0,426.0,6359.0,9.0,1.01,23521.0,2802210.0,0.0219,45.6,0.0,0.0,0.0,47.69,178
2020-09-09,300030.0,371.0,6365.0,6.0,1.01,22830.0,2825040.0,0.0186,53.9,0.0,0.0,0.0,47.69,179
2020-09-10,300371.0,341.0,6370.0,5.0,1.03,25081.0,2850121.0,0.0172,58.0,0.0,0.0,0.0,47.69,180
2020-09-11,300955.0,584.0,6373.0,3.0,1.07,29534.0,2879655.0,0.017,58.8,0.0,0.0,0.0,47.69,181
2020-09-12,301481.0,526.0,6379.0,6.0,1.09,28724.0,2908379.0,0.0196,50.9,0.0,0.0,0.0,47.69,182
2020-09-13,302020.0,539.0,6383.0,4.0,1.1,31411.0,2939790.0,0.0171,58.4,0.0,0.0,0.0,47.69,183
2020-09-14,302424.0,404.0,6389.0,6.0,1.12,28823.0,2968613.0,0.0168,59.5,0.0,0.0,0.0,47.69,184
2020-09-15,303089.0,665.0,6393.0,4.0,1.14,27277.0,2995890.0,0.0177,56.5,0.0,0.0,0.0,43.98,185
2020-09-16,303634.0,545.0,6399.0,6.0,1.14,29097.0,3024987.0,0.018,55.5,0.0,0.0,0.0,43.98,186
2020-09-17,304386.0,752.0,6408.0,9.0,1.15,31808.0,3056795.0,0.0194,51.5,0.0,0.0,0.0,41.2,187
2020-09-18,305031.0,645.0,6415.0,7.0,1.15,33865.0,3090660.0,0.0193,51.8,0.0,0.0,0.0,41.2,188
2020-09-19,305671.0,640.0,6416.0,1.0,1.14,35720.0,3126380.0,0.0192,52.0,0.0,0.0,0.0,41.2,189
2020-09-20,306304.0,633.0,6420.0,4.0,1.13,34544.0,3160924.0,0.0194,51.6,0.0,0.0,0.0,41.2,190
2020-09-21,306886.0,582.0,6424.0,4.0,1.12,33393.0,3194317.0,0.0198,50.6,0.0,0.0,0.0,41.2,191
2020-09-22,307418.0,532.0,6432.0,8.0,1.11,36155.0,3230472.0,0.0185,54.2,0.0,0.0,0.0,41.2,192
2020-09-23,308217.0,799.0,6437.0,5.0,1.11,33744.0,3264216.0,0.0192,52.2,0.0,0.0,0.0,41.2,193
2020-09-24,309015.0,798.0,6444.0,7.0,1.1,42299.0,3306515.0,0.0185,53.9,0.0,0.0,0.0,41.2,194
2020-09-25,309581.0,566.0,6451.0,7.0,1.08,37504.0,3344019.0,0.018,55.7,0.0,0.0,0.0,41.2,195
2020-09-26,310275.0,694.0,6457.0,6.0,1.07,40167.0,3384186.0,0.0179,56.0,0.0,0.0,0.0,41.2,196
2020-09-27,310841.0,566.0,6466.0,9.0,1.06,36468.0,3420654.0,0.0175,57.2,0.0,0.0,0.0,41.2,197
2020-09-28,311516.0,675.0,6474.0,8.0,1.04,28887.0,3449541.0,0.0181,55.1,0.0,0.0,0.0,41.2,198
2020-09-29,312263.0,747.0,6479.0,5.0,1.03,32665.0,3482206.0,0.0192,52.0,0.0,0.0,0.0,41.2,199
2020-09-30,312806.0,543.0,6484.0,5.0,1.01,32031.0,3514237.0,0.0184,54.5,0.0,0.0,0.0,39.35,200
2020-10-01,313431.0,625.0,6499.0,15.0,1.0,34239.0,3548476.0,0.0183,54.8,0.0,0.0,0.0,67.13,201
2020-10-02,313984.0,553.0,6507.0,8.0,0.99,31697.0,3580173.0,0.0186,53.6,0.0,0.0,0.0,67.13,202
2020-10-03,314616.0,632.0,6513.0,6.0,1.0,35071.0,3615244.0,0.0188,53.2,0.0,0.0,0.0,67.13,203
2020-10-04,314616.0,0.0,6513.0,0.0,1.0,29518.0,3644762.0,0.0168,59.4,0.0,0.0,0.0,67.13,204
2020-10-05,315727.0,1111.0,6523.0,10.0,1.04,33772.0,3678534.0,0.0184,54.4,0.0,0.0,0.0,67.13,205
2020-10-06,316351.0,624.0,6535.0,12.0,1.03,24073.0,3702607.0,0.0185,53.9,0.0,0.0,0.0,67.13,206
2020-10-07,316934.0,583.0,6544.0,9.0,1.02,27614.0,3730221.0,0.0191,52.3,0.0,0.0,0.0,67.13,207
2020-10-08,317595.0,661.0,6552.0,8.0,1.02,31168.0,3761389.0,0.0196,51.1,0.0,0.0,0.0,67.13,208
2020-10-09,318266.0,671.0,6558.0,6.0,1.02,33898.0,3795287.0,0.0199,50.2,0.0,0.0,0.0,67.13,209
2020-10-10,318932.0,666.0,6570.0,12.0,1.01,33665.0,3828952.0,0.0202,49.5,0.0,0.0,0.0,67.13,210
2020-10-11,319317.0,385.0,6580.0,10.0,1.0,28893.0,3857845.0,0.0221,45.3,0.0,0.0,0.0,67.13,211
2020-10-12,319848.0,531.0,6588.0,8.0,1.01,26951.0,3884796.0,0.02,50.1,0.0,0.0,0.0,67.13,212
2020-10-13,320463.0,615.0,6601.0,13.0,1.02,30022.0,3914818.0,0.0194,51.6,0.0,0.0,0.0,67.13,213
2020-10-14,321218.0,755.0,6614.0,13.0,1.03,28916.0,3943734.0,0.0201,49.8,0.0,0.0,0.0,67.13,214
2020-10-15,321877.0,659.0,6621.0,7.0,1.03,31862.0,3975596.0,0.02,50.0,0.0,0.0,0.0,67.13,215
2020-10-16,322452.0,575.0,6638.0,17.0,1.03,33901.0,4009497.0,0.0195,51.2,0.0,0.0,0.0,53.24,216
2020-10-17,323019.0,567.0,6654.0,16.0,1.04,32465.0,4041962.0,0.0192,52.1,0.0,0.0,0.0,53.24,217
2020-10-18,323452.0,433.0,6659.0,5.0,1.05,32062.0,4074024.0,0.0191,52.3,0.0,0.0,0.0,53.24,218
2020-10-19,324034.0,582.0,6673.0,14.0,1.07,27091.0,4101115.0,0.0194,51.7,0.0,0.0,0.0,53.24,219
2020-10-20,324744.0,710.0,6692.0,19.0,1.1,20954.0,4122069.0,0.0207,48.4,0.0,0.0,0.0,53.24,220
2020-10-21,325480.0,736.0,6702.0,10.0,1.12,26670.0,4148739.0,0.0208,48.1,0.0,0.0,0.0,53.24,221
2020-10-22,326216.0,736.0,6715.0,13.0,1.14,28531.0,4177270.0,0.0215,46.5,0.0,0.0,0.0,53.24,222
2020-10-23,327063.0,847.0,6727.0,12.0,1.16,27050.0,4204320.0,0.0237,42.3,0.0,0.0,0.0,53.24,223
2020-10-24,327895.0,832.0,6736.0,9.0,1.17,31009.0,4235329.0,0.0252,39.7,0.0,0.0,0.0,53.24,224
2020-10-25,328602.0,707.0,6739.0,3.0,1.18,28724.0,4264053.0,0.0271,36.9,0.0,0.0,0.0,53.24,225
2020-10-26,329375.0,773.0,6745.0,6.0,1.19,26492.0,4290545.0,0.0282,35.5,0.0,0.0,0.0,53.24,226
2020-10-27,330200.0,825.0,6759.0,14.0,1.21,27133.0,4317678.0,0.0279,35.9,0.0,0.0,0.0,53.24,227
2020-10-28,331108.0,908.0,6775.0,16.0,1.22,29477.0,4347155.0,0.0284,35.3,0.0,0.0,0.0,53.24,228
2020-10-29,332186.0,1078.0,6795.0,20.0,1.24,29449.0,4376604.0,0.03,33.4,0.0,0.0,0.0,53.24,229
2020-10-30,332993.0,807.0,6806.0,11.0,1.25,32933.0,4409537.0,0.0289,34.6,0.0,0.0,0.0,53.24,230
2020-10-31,333970.0,977.0,6823.0,17.0,1.27,21688.0,4431225.0,0.031,32.2,0.0,0.0,0.0,53.24,231
2020-11-01,335093.0,1123.0,6835.0,12.0,1.29,27665.0,4458890.0,0.0333,30.0,0.0,0.0,0.0,53.24,232
2020-11-02,336260.0,1167.0,6849.0,14.0,1.31,27953.0,4486843.0,0.0351,28.5,0.0,0.0,0.0,53.24,233
2020-11-03,337573.0,1313.0,6867.0,18.0,1.32,27984.0,4514827.0,0.0374,26.7,0.0,0.0,0.0,53.24,234
2020-11-04,338875.0,1302.0,6893.0,26.0,1.32,26565.0,4541392.0,0.04,25.0,0.0,0.0,0.0,53.24,235
2020-11-05,340251.0,1376.0,6923.0,30.0,1.32,32376.0,4573768.0,0.0409,24.4,0.0,0.0,0.0,53.24,236
2020-11-06,341753.0,1502.0,6943.0,20.0,1.33,35745.0,4609513.0,0.0438,22.8,0.0,0.0,0.0,53.24,237
2020-11-07,343189.0,1436.0,6968.0,25.0,1.34,34400.0,4643913.0,0.0433,23.1,0.0,0.0,0.0,53.24,238
2020-11-08,344839.0,1650.0,6977.0,9.0,1.35,32350.0,4676263.0,0.0448,22.3,0.0,0.0,0.0,53.24,239
2020-11-09,346476.0,1637.0,7000.0,23.0,1.35,33340.0,4709603.0,0.0459,21.8,0.0,0.0,0.0,47.69,240
2020-11-10,348184.0,1708.0,7021.0,21.0,1.34,31904.0,4741507.0,0.0468,21.4,0.0,0.0,0.0,47.69,241
2020-11-11,349992.0,1808.0,7055.0,34.0,1.34,31989.0,4773496.0,0.0479,20.9,0.0,0.0,0.0,47.69,242
2020-11-12,352296.0,2304.0,7092.0,37.0,1.35,36686.0,4810182.0,0.0509,19.6,0.0,0.0,0.0,47.69,243
2020-11-13,354461.0,2165.0,7109.0,17.0,1.34,36923.0,4847105.0,0.0535,18.7,0.0,0.0,0.0,47.69,244
2020-11-14,356904.0,2443.0,7141.0,32.0,1.34,34535.0,4881640.0,0.0577,17.3,0.0,0.0,0.0,47.69,245
2020-11-15,359032.0,2128.0,7160.0,19.0,1.32,39410.0,4921050.0,0.058,17.2,0.0,0.0,0.0,47.69,246
2020-11-16,361082.0,2050.0,7193.0,33.0,1.3,29511.0,4950561.0,0.0606,16.5,0.0,0.0,0.0,47.69,247
2020-11-17,363380.0,2298.0,7230.0,37.0,1.29,29378.0,4979939.0,0.0637,15.7,0.0,0.0,0.0,47.69,248
2020-11-18,365927.0,2547.0,7248.0,18.0,1.28,38544.0,5018483.0,0.065,15.4,0.0,0.0,0.0,47.69,249
2020-11-19,368665.0,2738.0,7561.0,313.0,1.27,36899.0,5055382.0,0.0668,15.0,0.0,0.0,0.0,47.69,250
2020-11-20,371508.0,2843.0,7603.0,42.0,1.26,42909.0,5098291.0,0.0679,14.7,0.0,0.0,0.0,58.8,251
2020-11-21,374173.0,2665.0,7662.0,59.0,1.25,43112.0,5141403.0,0.0665,15.0,0.0,0.0,0.0,58.8,252
2020-11-22,376929.0,2756.0,7696.0,34.0,1.24,38623.0,5180026.0,0.0691,14.5,0.0,0.0,0.0,58.8,253
2020-11-23,379883.0,2954.0,7744.0,48.0,1.23,36929.0,5216955.0,0.0706,14.2,0.0,0.0,0.0,58.8,254
2020-11-24,382892.0,3009.0,7803.0,59.0,1.21,39165.0,5256120.0,0.0707,14.2,0.0,0.0,0.0,58.8,255
2020-11-25,386198.0,3306.0,7843.0,40.0,1.19,41583.0,5297703.0,0.0726,13.8,0.0,0.0,0.0,58.8,256
2020-11-26,389311.0,3113.0,7897.0,54.0,1.17,45999.0,5343702.0,0.0716,14.0,0.0,0.0,0.0,64.35,257
2020-11-27,392356.0,3045.0,7942.0,45.0,1.15,43214.0,5386916.0,0.0722,13.8,0.0,0.0,0.0,64.35,258
2020-11-28,395185.0,2829.0,7985.0,43.0,1.13,48223.0,5435139.0,0.0715,14.0,0.0,0.0,0.0,64.35,259
2020-11-29,398024.0,2839.0,8025.0,40.0,1.12,40369.0,5475508.0,0.0714,14.0,0.0,0.0,0.0,64.35,260
2020-11-30,400482.0,2458.0,8091.0,66.0,1.11,33302.0,5508810.0,0.0706,14.2,0.0,0.0,0.0,64.35,261
2020-12-01,403311.0,2829.0,8166.0,75.0,1.1,40969.0,5549779.0,0.0695,14.4,0.0,0.0,0.0,64.35,262
2020-12-02,406810.0,3499.0,8205.0,39.0,1.1,35197.0,5584976.0,0.0718,13.9,0.0,0.0,0.0,64.35,263
2020-12-03,410072.0,3262.0,8260.0,55.0,1.09,42563.0,5627539.0,0.0731,13.7,0.0,0.0,0.0,64.35,264
2020-12-04,413191.0,3119.0,8303.0,43.0,1.08,44627.0,5672166.0,0.073,13.7,0.0,0.0,0.0,64.35,265
2020-12-05,416499.0,3308.0,8361.0,58.0,1.07,41175.0,5713341.0,0.0766,13.1,0.0,0.0,0.0,64.35,266
2020-12-06,420294.0,3795.0,8398.0,37.0,1.07,41645.0,5754986.0,0.0797,12.5,0.0,0.0,0.0,64.35,267
2020-12-07,423179.0,2885.0,8487.0,89.0,1.04,39256.0,5794242.0,0.0795,12.6,0.0,0.0,0.0,64.35,268
2020-12-08,426142.0,2963.0,8547.0,60.0,1.02,33610.0,5827852.0,0.0821,12.2,0.0,0.0,0.0,64.35,269
2020-12-09,429280.0,3138.0,8603.0,56.0,1.0,38092.0,5865944.0,0.08,12.5,0.0,0.0,0.0,64.35,270
2020-12-10,432327.0,3047.0,8653.0,50.0,0.99,40202.0,5906146.0,0.0799,12.5,0.0,0.0,0.0,64.35,271
2020-12-11,435056.0,2729.0,8724.0,71.0,0.97,42596.0,5948742.0,0.0791,12.6,0.0,0.0,0.0,64.35,272
2020-12-12,438425.0,3369.0,8796.0,72.0,0.96,41426.0,5990168.0,0.0792,12.6,0.0,0.0,0.0,64.35,273
2020-12-13,440787.0,2362.0,8832.0,36.0,0.95,42222.0,6032390.0,0.0739,13.5,0.0,0.0,0.0,64.35,274
2020-12-14,443246.0,2459.0,8905.0,73.0,0.94,31830.0,6064220.0,0.0743,13.5,0.0,0.0,0.0,64.35,275
2020-12-15,445977.0,2731.0,9010.0,105.0,0.93,0.0,0.0,0.0727,13.7,0.0,0.0,0.0,64.35,276
2020-12-16,448522.0,2545.0,9080.0,70.0,0.92,0.0,6136799.0,0.071,14.1,0.0,0.0,0.0,64.35,277
2020-12-17,451494.0,2972.0,9164.0,84.0,0.92,40090.0,6176889.0,0.0708,14.1,0.0,0.0,0.0,64.35,278
2020-12-18,454673.0,3179.0,9250.0,86.0,0.91,39171.0,6216060.0,0.0734,13.6,0.0,0.0,0.0,64.35,279
2020-12-19,457288.0,2615.0,9330.0,80.0,0.89,48075.0,6264135.0,0.0689,14.5,0.0,0.0,0.0,64.35,280
2020-12-20,458968.0,1680.0,9392.0,62.0,0.88,37206.0,6301341.0,0.0676,14.8,0.0,0.0,0.0,64.35,281
2020-12-21,460672.0,1704.0,9474.0,82.0,0.87,34772.0,6336113.0,0.0641,15.6,0.0,0.0,0.0,64.35,282
2020-12-22,462814.0,2142.0,9557.0,83.0,0.87,34594.0,6370707.0,0.0623,16.0,0.0,0.0,0.0,64.35,283
2020-12-23,465070.0,2256.0,9668.0,111.0,0.87,35574.0,6406281.0,0.0614,16.3,0.0,0.0,0.0,64.35,284
2020-12-24,467222.0,2152.0,9753.0,85.0,0.88,21959.0,6428240.0,0.0626,16.0,0.0,0.0,0.0,64.35,285
2020-12-25,469482.0,2260.0,9816.0,63.0,0.89,54649.0,6482889.0,0.0555,18.0,0.0,0.0,0.0,64.35,286
2020-12-26,471335.0,1853.0,9874.0,58.0,0.9,40953.0,6523842.0,0.0541,18.5,0.0,0.0,0.0,64.35,287
2020-12-27,473309.0,1974.0,9929.0,55.0,0.91,33270.0,6557112.0,0.0561,17.8,0.0,0.0,0.0,64.35,288
2020-12-28,475085.0,1776.0,9992.0,63.0,0.93,32205.0,6589317.0,0.0569,17.6,0.0,0.0,0.0,64.35,289
2020-12-29,477240.0,2155.0,10047.0,55.0,0.94,30666.0,6619983.0,0.0579,17.3,0.0,0.0,0.0,64.35,290
2020-12-30,479715.0,2475.0,10105.0,58.0,0.95,36390.0,6656373.0,0.0586,17.1,0.0,0.0,0.0,64.35,291
2020-12-31,482178.0,2463.0,10176.0,71.0,0.96,39695.0,6696068.0,0.0558,17.9,0.0,0.0,0.0,64.35,292
2021-01-01,484362.0,2184.0,10258.0,82.0,0.97,41039.0,6737107.0,0.0585,17.1,0.0,0.0,0.0,64.35,293
2021-01-02,486634.0,2272.0,10311.0,53.0,0.97,38200.0,6775307.0,0.0608,16.4,0.0,0.0,0.0,64.35,294
2021-01-03,488529.0,1895.0,10350.0,39.0,0.98,44392.0,6819699.0,0.058,17.3,0.0,0.0,0.0,64.35,295
2021-01-04,490476.0,1947.0,10409.0,59.0,0.99,30168.0,6849867.0,0.0591,16.9,0.0,0.0,0.0,64.35,296
2021-01-05,492594.0,2118.0,10461.0,52.0,0.99,35073.0,6884940.0,0.0579,17.3,0.0,0.0,0.0,64.35,297
2021-01-06,495075.0,2481.0,10511.0,50.0,1.0,38917.0,6923857.0,0.0574,17.4,0.0,0.0,0.0,64.35,298
2021-01-07,497510.0,2435.0,10558.0,47.0,1.01,40480.0,6964337.0,0.0572,17.5,0.0,0.0,0.0,64.35,299
2021-01-08,499517.0,2007.0,10598.0,40.0,1.01,38369.0,7002706.0,0.0571,17.5,0.0,0.0,0.0,64.35,300
2021-01-09,502416.0,2899.0,10644.0,46.0,1.02,40898.0,7043604.0,0.0588,17.0,0.0,0.0,0.0,64.35,301
2021-01-10,504293.0,1877.0,10676.0,32.0,1.02,44410.0,7088014.0,0.0588,17.0,0.0,0.0,0.0,64.35,302
2021-01-11,506701.0,2408.0,10717.0,41.0,1.02,34524.0,7122538.0,0.0595,16.8,0.0,0.0,0.0,64.35,303
2021-01-12,508824.0,2123.0,10772.0,55.0,1.01,40088.0,7162626.0,0.0584,17.1,0.0,0.0,0.0,64.35,304
2021-01-13,511921.0,3097.0,10818.0,46.0,1.01,39450.0,7202076.0,0.0605,16.5,0.0,0.0,0.0,64.35,305
2021-01-14,514338.0,2417.0,10863.0,45.0,0.99,41574.0,7243650.0,0.0602,16.6,0.0,0.0,0.0,64.35,306
2021-01-15,516770.0,2432.0,10908.0,45.0,0.98,40359.0,7284009.0,0.0613,16.3,0.0,0.0,0.0,64.35,307
2021-01-16,519291.0,2521.0,10951.0,43.0,0.96,42422.0,7326431.0,0.0597,16.8,0.0,0.0,0.0,64.35,308
2021-01-17,521211.0,1920.0,10997.0,46.0,0.94,41191.0,7367622.0,0.0605,16.5,0.0,0.0,0.0,64.35,309
2021-01-18,523011.0,1800.0,11055.0,58.0,0.93,37949.0,7405571.0,0.0576,17.4,0.0,0.0,0.0,60.65,310
2021-01-19,524783.0,1772.0,11103.0,48.0,0.91,36513.0,7442084.0,0.0571,17.5,0.0,0.0,0.0,60.65,311
2021-01-20,527146.0,2363.0,11157.0,54.0,0.9,39604.0,7481688.0,0.0544,18.4,0.0,0.0,0.0,57.87,312
2021-01-21,528891.0,1745.0,11204.0,47.0,0.89,43744.0,7525432.0,0.0516,19.4,0.0,0.0,0.0,57.87,313
2021-01-22,530818.0,1927.0,11247.0,43.0,0.88,36545.0,7561977.0,0.0505,19.8,0.0,0.0,0.0,57.87,314
2021-01-23,532412.0,1594.0,11295.0,48.0,0.88,40403.0,7602380.0,0.0475,21.0,0.0,0.0,0.0,57.87,315
2021-01-24,534041.0,1629.0,11318.0,23.0,0.89,40285.0,7642665.0,0.0466,21.4,0.0,0.0,0.0,57.87,316
2021-01-25,535914.0,1873.0,11376.0,58.0,0.89,37577.0,7680242.0,0.047,21.3,0.0,0.0,0.0,57.87,317
2021-01-26,537477.0,1563.0,11450.0,74.0,0.88,42587.0,7722829.0,0.0452,22.1,0.0,0.0,0.0,57.87,318
2021-01-27,539387.0,1910.0,11514.0,64.0,0.88,41285.0,7764114.0,0.0433,23.1,0.0,0.0,0.0,57.87,319
2021-01-28,541031.0,1644.0,11560.0,46.0,0.88,40821.0,7804935.0,0.0434,23.0,0.0,0.0,0.0,57.87,320
2021-01-29,543214.0,2183.0,11623.0,63.0,0.88,43381.0,7848316.0,0.0433,23.1,0.0,0.0,0.0,57.87,321
2021-01-30,544813.0,1599.0,11657.0,34.0,0.87,41425.0,7889741.0,0.0432,23.2,0.0,0.0,0.0,57.87,322
2021-01-31,546428.0,1615.0,11683.0,26.0,0.87,42455.0,7932196.0,0.0428,23.4,0.0,0.0,0.0,57.87,323
2021-02-01,547648.0,1220.0,11746.0,63.0,0.85,34785.0,7966981.0,0.0409,24.4,0.0,0.0,0.0,50.46,324
2021-02-02,549032.0,1384.0,11802.0,56.0,0.84,38813.0,8005794.0,0.0408,24.5,0.0,0.0,0.0,50.46,325
2021-02-03,550540.0,1508.0,11833.0,31.0,0.83,35460.0,8041254.0,0.0402,24.8,0.0,0.0,0.0,50.46,326
2021-02-04,551842.0,1302.0,11886.0,53.0,0.83,44173.0,8085427.0,0.0385,25.9,0.0,0.0,0.0,50.46,327
2021-02-05,553128.0,1286.0,11914.0,28.0,0.83,37020.0,8122447.0,0.0362,27.7,0.0,0.0,0.0,50.46,328
2021-02-06,554474.0,1346.0,11967.0,53.0,0.84,0.0,0.0,0.0362,27.6,0.0,0.0,0.0,50.46,329
2021-02-07,555511.0,1037.0,12026.0,59.0,0.84,0.0,0.0,0.0351,28.5,0.0,0.0,0.0,50.46,330
2021-02-08,556519.0,1008.0,12066.0,40.0,0.85,0.0,8224869.0,0.0344,29.1,0.0,0.0,0.0,50.46,331
2021-02-09,557591.0,1072.0,12128.0,62.0,0.86,0.0,0.0,0.0339,29.5,0.0,0.0,0.0,50.46,332
2021-02-10,559093.0,1502.0,12185.0,57.0,0.88,0.0,0.0,0.0341,29.3,27228.0,27228.0,0.0,50.46,333
2021-02-11,560363.0,1270.0,12218.0,33.0,0.88,0.0,8325543.0,0.0355,28.2,0.0,0.0,0.0,50.46,334
2021-02-12,561625.0,1262.0,12276.0,58.0,0.89,35280.0,8360823.0,0.0356,28.1,0.0,0.0,0.0,50.46,335
2021-02-13,563029.0,1404.0,12307.0,31.0,0.9,0.0,0.0,0.0355,28.2,0.0,0.0,0.0,50.46,336
2021-02-14,564077.0,1048.0,12333.0,26.0,0.91,0.0,8434098.0,0.0352,28.4,0.0,0.0,0.0,50.46,337
2021-02-15,564077.0,0.0,12333.0,0.0,0.92,32019.0,8466117.0,0.0313,31.9,0.0,0.0,0.0,50.46,338
2021-02-16,565989.0,1912.0,12436.0,103.0,0.96,31905.0,8498022.0,0.0351,28.5,0.0,0.0,0.0,50.46,339
2021-02-17,567261.0,1272.0,12488.0,52.0,0.97,33196.0,8531218.0,0.0341,29.3,52768.0,52768.0,0.0,50.46,340
2021-02-18,568506.0,1245.0,12527.0,39.0,0.98,36543.0,8567761.0,0.0336,29.7,0.0,0.0,0.0,50.46,341
2021-02-19,569846.0,1340.0,12563.0,36.0,0.99,34754.0,8602515.0,0.034,29.4,0.0,0.0,0.0,50.46,342
2021-02-20,571174.0,1328.0,12601.0,38.0,1.0,42332.0,8644847.0,0.0329,30.4,0.0,0.0,0.0,50.46,343
2021-02-21,572334.0,1160.0,12617.0,16.0,1.01,41395.0,8686242.0,0.0327,30.5,72882.0,72882.0,0.0,50.46,344
2021-02-22,573384.0,1050.0,12658.0,41.0,1.02,32313.0,8718555.0,0.0369,27.1,0.0,0.0,0.0,50.46,345
2021-02-23,574580.0,1196.0,12708.0,50.0,1.02,33978.0,8752533.0,0.0338,29.6,0.0,0.0,0.0,50.46,346
2021-02-24,575941.0,1361.0,12772.0,64.0,1.04,38453.0,8790986.0,0.0334,29.9,0.0,0.0,0.0,50.46,347
2021-02-25,577482.0,1541.0,12804.0,32.0,1.05,40906.0,8831892.0,0.034,29.4,0.0,0.0,0.0,50.46,348
2021-02-26,578797.0,1315.0,12837.0,33.0,1.05,41849.0,8873741.0,0.033,30.3,0.0,0.0,0.0,50.46,349
2021-02-27,579973.0,1176.0,12860.0,23.0,1.06,39177.0,8912918.0,0.0328,30.5,0.0,0.0,0.0,50.46,350
2021-02-28,581365.0,1392.0,12896.0,36.0,1.08,38920.0,8951838.0,0.034,29.4,0.0,0.0,0.0,50.46,351
2021-03-01,582528.0,1163.0,12938.0,42.0,1.1,38338.0,8990176.0,0.0337,29.7,0.0,0.0,0.0,50.46,352
2021-03-02,583916.0,1388.0,13013.0,75.0,1.11,31948.0,9022124.0,0.0346,28.9,0.0,0.0,0.0,50.46,353
2021-03-03,585435.0,1519.0,13076.0,63.0,1.13,32945.0,9055069.0,0.036,27.8,0.0,0.0,0.0,50.46,354
2021-03-04,587014.0,1579.0,13128.0,52.0,1.15,42344.0,9097413.0,0.0359,27.9,0.0,0.0,0.0,50.46,355
2021-03-05,588728.0,1714.0,13166.0,38.0,1.17,37980.0,9135393.0,0.038,26.3,0.0,0.0,0.0,50.46,356
2021-03-06,590508.0,1780.0,13205.0,39.0,1.19,38200.0,9173593.0,0.0404,24.7,0.0,0.0,0.0,50.46,357
2021-03-07,592100.0,1592.0,13227.0,22.0,1.21,38887.0,9212480.0,0.0412,24.3,0.0,0.0,0.0,50.46,358
2021-03-08,593453.0,1353.0,13281.0,54.0,1.23,34347.0,9246827.0,0.0426,23.5,0.0,0.0,0.0,50.46,359
2021-03-09,595239.0,1786.0,13324.0,43.0,1.25,0.0,0.0,0.0429,23.3,0.0,0.0,0.0,50.46,360
2021-03-10,597497.0,2258.0,13377.0,53.0,1.28,0.0,0.0,0.0447,22.4,0.0,0.0,0.0,50.46,361
2021-03-11,600198.0,2701.0,13430.0,53.0,1.3,0.0,0.0,0.0495,20.2,0.0,0.0,0.0,50.46,362
2021-03-12,602536.0,2338.0,13476.0,46.0,1.3,0.0,9402639.0,0.0517,19.4,0.0,0.0,0.0,50.46,363
2021-03-13,605200.0,2664.0,13508.0,32.0,1.31,0.0,0.0,0.0541,18.5,0.0,0.0,0.0,50.46,364
2021-03-14,607453.0,2253.0,13537.0,29.0,1.32,0.0,0.0,0.0558,17.9,350000.0,350000.0,0.0,50.46,365
2021-03-15,609964.0,2511.0,13595.0,58.0,1.32,0.0,9529763.0,0.0584,17.1,0.0,0.0,0.0,50.46,366
2021-03-16,612315.0,2351.0,13656.0,61.0,1.33,0.0,0.0,0.0601,16.6,0.0,0.0,0.0,50.46,367
2021-03-17,615810.0,3495.0,13717.0,61.0,1.34,0.0,0.0,0.0641,15.6,0.0,0.0,0.0,50.46,368
2021-03-18,619259.0,3449.0,13757.0,40.0,1.34,0.0,0.0,0.0664,15.1,0.0,0.0,0.0,50.46,369
2021-03-19,623135.0,3876.0,13799.0,42.0,1.33,0.0,9691087.0,0.0714,14.0,0.0,0.0,0.0,50.46,370
2021-03-20,626802.0,3667.0,13843.0,44.0,1.32,0.0,0.0,0.075,13.3,0.0,0.0,0.0,50.46,371
2021-03-21,630471.0,3669.0,13863.0,20.0,1.31,0.0,0.0,0.0799,12.5,0.0,0.0,0.0,50.46,372
2021-03-22,633741.0,3270.0,13935.0,72.0,1.29,0.0,9817491.0,0.0826,12.1,0.0,0.0,0.0,50.46,373
2021-03-23,637042.0,3301.0,13965.0,30.0,1.28,39742.0,9857233.0,0.0861,11.6,0.0,0.0,0.0,56.02,374
2021-03-24,640988.0,3946.0,14028.0,63.0,1.27,0.0,0.0,0.0882,11.3,0.0,0.0,0.0,56.02,375
2021-03-25,645356.0,4368.0,14091.0,63.0,1.26,0.0,9934373.0,0.092,10.9,0.0,0.0,0.0,56.02,376
2021-03-26,649824.0,4468.0,14158.0,67.0,1.26,42418.0,9976791.0,0.0934,10.7,0.0,0.0,0.0,56.02,377
2021-03-27,654591.0,4767.0,14215.0,57.0,1.25,44279.0,10021070.0,0.0965,10.4,0.0,0.0,0.0,56.02,378
2021-03-28,659116.0,4525.0,14256.0,41.0,1.24,45656.0,10066726.0,0.0983,10.2,0.0,0.0,0.0,56.02,379
2021-03-29,663200.0,4084.0,14356.0,100.0,1.22,40369.0,10107095.0,0.1017,9.8,0.0,0.0,0.0,56.02,380
2021-03-30,667957.0,4757.0,14434.0,78.0,1.21,46269.0,10153364.0,0.1044,9.6,0.0,0.0,0.0,56.02,381
2021-03-31,672931.0,4974.0,14530.0,96.0,1.18,43965.0,10197329.0,0.1059,9.4,800000.0,800000.0,0.0,56.02,382
2021-04-01,678165.0,5234.0,14613.0,83.0,1.16,50045.0,10247374.0,0.1048,9.5,0.0,0.0,0.0,56.02,383
2021-04-02,682888.0,4723.0,14697.0,84.0,1.14,50170.0,10297544.0,0.1031,9.7,0.0,0.0,0.0,56.02,384
2021-04-03,687908.0,5020.0,14778.0,81.0,1.13,50186.0,10347730.0,0.102,9.8,0.0,0.0,0.0,56.02,385
2021-04-04,692231.0,4323.0,14821.0,43.0,1.11,55605.0,10403335.0,0.0984,10.2,0.0,0.0,0.0,56.02,386
2021-04-05,696184.0,3953.0,14924.0,103.0,1.1,43362.0,10446697.0,0.0971,10.3,0.0,0.0,0.0,56.02,387
2021-04-06,700188.0,4004.0,15026.0,102.0,1.1,46665.0,10493362.0,0.0948,10.5,936383.0,936383.0,0.0,56.02,388
2021-04-07,705517.0,5329.0,15124.0,98.0,1.09,41699.0,10535061.0,0.0965,10.4,0.0,0.0,0.0,56.02,389
2021-04-08,710829.0,5312.0,15229.0,105.0,1.09,49816.0,10584877.0,0.0968,10.3,1114000.0,1114000.0,0.0,56.02,390
2021-04-09,715968.0,5139.0,15329.0,100.0,1.08,54948.0,10639825.0,0.0966,10.3,0.0,0.0,0.0,58.8,391
2021-04-10,721018.0,5050.0,15443.0,114.0,1.08,49069.0,10688894.0,0.097,10.3,0.0,0.0,0.0,58.8,392
2021-04-11,725602.0,4584.0,15501.0,58.0,1.07,46066.0,10734960.0,0.1006,9.9,0.0,0.0,0.0,58.8,393
2021-04-12,729920.0,4318.0,15619.0,118.0,1.07,44514.0,10779474.0,0.1014,9.9,0.0,0.0,0.0,58.8,394
2021-04-13,734423.0,4503.0,15754.0,135.0,1.07,50520.0,10829994.0,0.1017,9.8,1300000.0,1300000.0,0.0,58.8,395
2021-04-14,739818.0,5395.0,15872.0,118.0,1.07,48092.0,10878086.0,0.1,10.0,0.0,0.0,0.0,58.8,396
2021-04-15,745182.0,5364.0,15982.0,110.0,1.07,64685.0,10942771.0,0.096,10.4,0.0,0.0,0.0,58.8,397
2021-04-16,750158.0,4976.0,16094.0,112.0,1.07,64481.0,11007252.0,0.0931,10.7,0.0,0.0,0.0,58.8,398
2021-04-17,756285.0,6127.0,16243.0,149.0,1.08,0.0,0.0,0.0918,10.9,0.0,0.0,0.0,58.8,399
2021-04-18,761437.0,5152.0,16316.0,73.0,1.07,0.0,0.0,0.0887,11.3,0.0,0.0,0.0,58.8,400
2021-04-19,766882.0,5445.0,16453.0,137.0,1.07,0.0,11204529.0,0.087,11.5,0.0,0.0,0.0,78.24,401
2021-04-20,772381.0,5499.0,16600.0,147.0,1.06,68002.0,11272531.0,0.0858,11.7,0.0,0.0,0.0,78.24,402
2021-04-21,778238.0,5857.0,16698.0,98.0,1.05,47301.0,11319832.0,0.087,11.5,0.0,0.0,0.0,78.24,403
2021-04-22,784108.0,5870.0,16842.0,144.0,1.03,57591.0,11377423.0,0.0896,11.2,0.0,0.0,0.0,78.24,404
2021-04-23,790016.0,5908.0,16999.0,157.0,1.02,53818.0,11431241.0,0.094,10.6,0.0,0.0,0.0,78.24,405
2021-04-24,795627.0,5611.0,17117.0,118.0,1.0,52402.0,11483643.0,0.0958,10.4,0.0,0.0,0.0,78.24,406
2021-04-25,800452.0,4825.0,17187.0,70.0,0.99,55128.0,11538771.0,0.0975,10.3,0.0,0.0,0.0,78.24,407
2021-04-26,804939.0,4487.0,17329.0,142.0,0.98,50161.0,11588932.0,0.099,10.1,0.0,0.0,0.0,78.24,408
2021-04-27,810231.0,5292.0,17530.0,201.0,0.96,43981.0,11632913.0,0.105,9.5,0.0,0.0,0.0,78.24,409
2021-04-28,815711.0,5480.0,17680.0,150.0,0.94,49101.0,11682014.0,0.1035,9.7,2100000.0,2100000.0,0.0,78.24,410
2021-04-29,820823.0,5112.0,17811.0,131.0,0.92,57013.0,11739027.0,0.1015,9.8,0.0,0.0,0.0,78.24,411
2021-04-30,825519.0,4696.0,17957.0,146.0,0.91,49099.0,11788126.0,0.0995,10.1,0.0,0.0,0.0,78.24,412
2021-05-01,829933.0,4414.0,18070.0,113.0,0.89,48740.0,11836866.0,0.0971,10.3,0.0,0.0,0.0,78.24,413
2021-05-02,834146.0,4213.0,18149.0,79.0,0.88,45275.0,11882141.0,0.0981,10.2,0.0,0.0,0.0,78.24,414
2021-05-03,837523.0,3377.0,18310.0,161.0,0.87,45954.0,11928095.0,0.0961,10.4,0.0,0.0,0.0,78.24,415
2021-05-04,837523.0,0.0,18310.0,0.0,0.86,37587.0,11965682.0,0.082,12.2,2967870.0,0.0,0.0,78.24,416
2021-05-05,841636.0,4113.0,18429.0,119.0,0.89,44837.0,12010519.0,0.0789,12.7,3150122.0,0.0,0.0,78.24,417
2021-05-06,850131.0,8495.0,18677.0,248.0,0.92,46467.0,12056986.0,0.0922,10.8,3320304.0,0.0,0.0,78.24,418
2021-05-07,854240.0,4109.0,18797.0,120.0,0.9,44846.0,12101832.0,0.0916,10.9,0.0,0.0,0.0,78.24,419
2021-05-08,858026.0,3786.0,18915.0,118.0,0.88,48103.0,12149935.0,0.0897,11.1,0.0,0.0,0.0,78.24,420
2021-05-09,861473.0,3447.0,18993.0,78.0,0.86,40736.0,12190671.0,0.0886,11.3,0.0,0.0,0.0,78.24,421
2021-05-10,864557.0,3084.0,19106.0,113.0,0.84,37756.0,12228427.0,0.09,11.1,0.0,0.0,0.0,78.24,422
2021-05-11,867438.0,2881.0,19210.0,104.0,0.82,38883.0,12267310.0,0.0992,10.1,3705244.0,2811726.0,952518.0,64.35,423
2021-05-12,870703.0,3265.0,19336.0,126.0,0.81,43565.0,12310875.0,0.0968,10.3,0.0,0.0,0.0,64.35,424
2021-05-13,873220.0,2517.0,19384.0,48.0,0.8,39101.0,12349976.0,0.0788,12.7,3836291.0,2931064.0,964227.0,64.35,425
2021-05-14,874751.0,1531.0,19467.0,83.0,0.81,30700.0,12380676.0,0.0736,13.6,0.0,0.0,0.0,64.35,426
2021-05-15,877130.0,2379.0,19543.0,76.0,0.83,30248.0,12410924.0,0.0732,13.7,0.0,0.0,0.0,64.35,427
2021-05-16,880362.0,3232.0,19617.0,74.0,0.86,33118.0,12444042.0,0.0746,13.4,0.0,0.0,0.0,64.35,428
2021-05-17,882928.0,2566.0,19752.0,135.0,0.89,36725.0,12480767.0,0.0728,13.7,0.0,0.0,0.0,64.35,429
2021-05-18,886184.0,3256.0,19856.0,104.0,0.91,29801.0,12510568.0,0.0771,13.0,0.0,0.0,0.0,64.35,430
2021-05-19,890391.0,4207.0,19987.0,131.0,0.92,41771.0,12552339.0,0.0815,12.3,0.0,0.0,0.0,64.35,431
2021-05-20,893461.0,3070.0,20089.0,102.0,0.92,51130.0,12603469.0,0.0798,12.5,4747033.0,3647933.0,1156893.0,64.35,432
2021-05-21,897468.0,4007.0,20177.0,88.0,0.92,51528.0,12654997.0,0.0828,12.1,4956853.0,3825314.0,1193441.0,64.35,433
2021-05-22,900552.0,3084.0,20251.0,74.0,0.91,62238.0,12717235.0,0.0765,13.1,0.0,0.0,0.0,64.35,434
2021-05-23,903599.0,3047.0,20308.0,57.0,0.89,62061.0,12779296.0,0.0693,14.4,0.0,0.0,0.0,64.35,435
2021-05-24,905852.0,2253.0,20400.0,92.0,0.88,58522.0,12837818.0,0.0642,15.6,5358808.0,4144175.0,1286429.0,64.35,436
2021-05-25,908576.0,2724.0,20465.0,65.0,0.86,46726.0,12884544.0,0.0599,16.7,0.0,0.0,0.0,63.43,437
2021-05-26,911302.0,2726.0,20540.0,75.0,0.84,59076.0,12943620.0,0.0534,18.7,0.0,0.0,0.0,63.43,438
2021-05-27,913784.0,2482.0,20607.0,67.0,0.83,62706.0,13006326.0,0.0504,19.8,6130509.0,4693390.0,1513144.0,63.43,439
2021-05-28,916239.0,2455.0,20680.0,73.0,0.82,51625.0,13057951.0,0.0466,21.5,0.0,0.0,0.0,63.43,440
2021-05-29,918936.0,2697.0,20736.0,56.0,0.81,55442.0,13113393.0,0.0464,21.5,0.0,0.0,0.0,63.43,441
2021-05-30,921053.0,2117.0,20779.0,43.0,0.8,55965.0,13169358.0,0.0447,22.3,0.0,0.0,0.0,63.43,442
2021-05-31,922824.0,1771.0,20850.0,71.0,0.78,52223.0,13221581.0,0.0442,22.6,0.0,0.0,0.0,63.43,443
2021-06-01,924667.0,1843.0,20930.0,80.0,0.77,47633.0,13269214.0,0.0418,23.9,7337187.0,5478069.0,1985005.0,63.43,444
2021-06-02,926695.0,2028.0,21022.0,92.0,0.76,47183.0,13316397.0,0.0413,24.2,7648481.0,5706680.0,2076600.0,63.43,445
2021-06-03,928588.0,1893.0,21105.0,83.0,0.75,51523.0,13367920.0,0.0409,24.4,7953574.0,5920955.0,2174169.0,63.43,446
2021-06-04,930511.0,1923.0,21189.0,84.0,0.75,52859.0,13420779.0,0.0393,25.4,0.0,0.0,0.0,63.43,447
2021-06-05,932140.0,1629.0,21265.0,76.0,0.74,50393.0,13471172.0,0.0369,27.1,8263763.0,6364470.0,2310115.0,63.43,448
2021-06-06,933630.0,1490.0,21323.0,58.0,0.73,52427.0,13523599.0,0.0355,28.2,0.0,0.0,0.0,63.43,449
2021-06-07,935013.0,1383.0,21376.0,53.0,0.72,49285.0,13572884.0,0.0347,28.8,0.0,0.0,0.0,63.43,450
2021-06-08,936131.0,1118.0,21453.0,77.0,0.71,46882.0,13619766.0,0.0327,30.6,0.0,0.0,0.0,68.98,451
2021-06-09,937434.0,1303.0,21529.0,76.0,0.71,43900.0,13663666.0,0.0309,32.3,9559910.0,7281817.0,2540238.0,68.98,452
2021-06-10,938737.0,1303.0,21576.0,47.0,0.71,41824.0,13705490.0,0.0301,33.3,0.0,0.0,0.0,65.74,453
2021-06-11,939931.0,1194.0,21633.0,57.0,0.72,40483.0,13745973.0,0.029,34.5,0.0,0.0,0.0,65.74,454
2021-06-12,941170.0,1239.0,21689.0,56.0,0.72,35695.0,13781668.0,0.0291,34.4,10496228.0,8133654.0,2851063.0,65.74,455
2021-06-13,942189.0,1019.0,21723.0,34.0,0.72,36368.0,13818036.0,0.0291,34.4,10696402.0,8323060.0,2883959.0,65.74,456
2021-06-14,943027.0,838.0,21782.0,59.0,0.74,39214.0,13857250.0,0.0282,35.5,0.0,0.0,0.0,65.74,457
2021-06-15,944065.0,1038.0,21828.0,46.0,0.75,35039.0,13892289.0,0.0291,34.3,11085787.0,8908051.0,3006048.0,56.48,458
2021-06-16,945184.0,1119.0,21874.0,46.0,0.76,42204.0,13934493.0,0.0286,34.9,11745889.0,9308890.0,3107671.0,56.48,459
2021-06-17,946227.0,1043.0,21913.0,39.0,0.77,37196.0,13971689.0,0.0281,35.5,12065211.0,0.0,0.0,56.48,460
2021-06-18,947218.0,991.0,21940.0,27.0,0.78,54647.0,14026336.0,0.026,38.5,12483801.0,0.0,0.0,56.48,461
2021-06-19,947218.0,0.0,21940.0,0.0,0.8,46269.0,14072605.0,0.0208,48.1,12750760.0,0.0,0.0,56.48,462
2021-06-20,949175.0,1957.0,22007.0,67.0,0.85,41065.0,14113670.0,0.0236,42.3,0.0,0.0,0.0,56.48,463
2021-06-21,949838.0,663.0,22034.0,27.0,0.86,34754.0,14148424.0,0.0234,42.8,12977740.0,0.0,0.0,56.48,464
2021-06-22,950768.0,930.0,22073.0,39.0,0.88,39017.0,14187441.0,0.0227,44.0,0.0,0.0,0.0,56.48,465
2021-06-23,951865.0,1097.0,22108.0,35.0,0.89,45519.0,14232960.0,0.0224,44.7,13484364.0,0.0,0.0,56.48,466
2021-06-24,952907.0,1042.0,22152.0,44.0,0.91,46124.0,14279084.0,0.0217,46.0,0.0,0.0,0.0,56.48,467
2021-06-25,953842.0,935.0,22188.0,36.0,0.92,45924.0,14325008.0,0.0222,45.1,0.0,0.0,0.0,56.48,468
2021-06-26,954743.0,901.0,22211.0,23.0,0.94,46842.0,14371850.0,0.0251,39.8,0.0,0.0,0.0,56.48,469
2021-06-27,955657.0,914.0,22231.0,20.0,0.96,44544.0,14416394.0,0.0214,46.7,0.0,0.0,0.0,56.48,470
2021-06-28,956392.0,735.0,22254.0,23.0,0.99,44496.0,14460890.0,0.021,47.7,0.0,0.0,0.0,56.48,471
2021-06-29,957371.0,979.0,22281.0,27.0,1.02,41133.0,14502023.0,0.021,47.6,0.0,0.0,0.0,56.48,472
2021-06-30,958408.0,1037.0,22321.0,40.0,1.06,42062.0,14544085.0,0.021,47.6,0.0,0.0,0.0,56.48,473
2021-07-01,959685.0,1277.0,22345.0,24.0,1.1,46145.0,14590230.0,0.0218,45.9,16356499.0,13234851.0,0.0,63.89,474
2021-07-02,961085.0,1400.0,22379.0,34.0,1.13,46941.0,14637171.0,0.0232,43.1,0.0,0.0,0.0,63.89,475
2021-07-03,962313.0,1228.0,22408.0,29.0,1.15,48027.0,14685198.0,0.0242,41.4,16714717.0,13507802.0,0.0,63.89,476
2021-07-04,963660.0,1347.0,22427.0,19.0,1.17,47832.0,14733030.0,0.0253,39.6,17390346.0,14026856.0,0.0,63.89,477
2021-07-05,964490.0,830.0,22452.0,25.0,1.19,45245.0,14778275.0,0.0255,39.2,0.0,0.0,0.0,63.89,478
2021-07-06,966007.0,1517.0,22469.0,17.0,1.22,37364.0,14815639.0,0.0275,36.3,0.0,0.0,0.0,69.44,479
2021-07-07,967633.0,1626.0,22493.0,24.0,1.25,46287.0,14861926.0,0.029,34.5,18228235.0,14698191.0,0.0,69.44,480
2021-07-08,969476.0,1843.0,22520.0,27.0,1.27,49817.0,14911743.0,0.0305,32.8,0.0,0.0,0.0,69.44,481
2021-07-09,971304.0,1828.0,22555.0,35.0,1.29,48478.0,14960221.0,0.0316,31.6,0.0,0.0,0.0,69.44,482
2021-07-10,973284.0,1980.0,22582.0,27.0,1.29,48134.0,15008355.0,0.0339,29.5,19067352.0,15320363.0,0.0,69.44,483
2021-07-11,975092.0,1808.0,22597.0,15.0,1.29,48432.0,15056787.0,0.0353,28.3,19883900.0,15941609.0,0.0,69.44,484
2021-07-12,976867.0,1775.0,22618.0,21.0,1.3,47015.0,15103802.0,0.038,26.3,0.0,0.0,0.0,69.44,485
2021-07-13,978847.0,1980.0,22642.0,24.0,1.3,48601.0,15152403.0,0.0381,26.2,20540263.0,16445560.0,0.0,69.44,486
2021-07-14,981392.0,2545.0,22689.0,47.0,1.3,47472.0,15199875.0,0.0407,24.6,21076550.0,16867090.0,0.0,69.44,487
2021-07-15,983719.0,2327.0,22720.0,31.0,1.3,48910.0,15248785.0,0.0423,23.7,21660650.0,17336845.0,0.0,69.44,488
2021-07-16,986668.0,2949.0,22760.0,40.0,1.3,37690.0,15286475.0,0.0471,21.2,22222701.0,17775640.0,0.0,69.44,489
2021-07-17,989275.0,2607.0,22781.0,21.0,1.27,58683.0,15345158.0,0.0475,21.1,22735993.0,18185297.0,0.0,69.44,490
2021-07-18,991727.0,2452.0,22811.0,30.0,1.25,48816.0,15393974.0,0.0493,20.3,0.0,0.0,0.0,69.44,491
2021-07-19,993872.0,2145.0,22848.0,37.0,1.23,0.0,0.0,0.0507,19.7,0.0,0.0,0.0,69.44,492
2021-07-20,996451.0,2579.0,22888.0,40.0,1.21,0.0,15484282.0,0.053,18.9,0.0,0.0,0.0,69.44,493
2021-07-21,998609.0,2158.0,22928.0,40.0,1.2,0.0,0.0,0.0542,18.5,24096587.0,0.0,0.0,69.44,494
2021-07-22,1000034.0,1425.0,22939.0,11.0,1.21,0.0,0.0,0.0539,18.5,0.0,0.0,0.0,69.44,495
2021-07-23,1000034.0,0.0,22939.0,0.0,1.24,0.0,15584899.0,0.0448,22.3,0.0,0.0,0.0,69.44,496
2021-07-24,1004694.0,4660.0,23016.0,77.0,1.33,0.0,0.0,0.0541,18.5,0.0,0.0,0.0,69.44,497
2021-07-25,1008446.0,3752.0,23048.0,32.0,1.36,0.0,0.0,0.0593,16.8,0.0,0.0,0.0,69.44,498
2021-07-26,1011708.0,3262.0,23087.0,39.0,1.38,0.0,0.0,0.0633,15.8,25248858.0,20060157.0,5188701.0,69.44,499
2021-07-27,1015827.0,4119.0,23133.0,46.0,1.38,0.0,15766473.0,0.0687,14.6,0.0,0.0,0.0,69.44,500
2021-07-28,1020324.0,4497.0,23209.0,76.0,1.38,0.0,0.0,0.0711,14.1,26248235.0,20769363.0,0.0,69.44,501
2021-07-29,1024861.0,4537.0,23295.0,86.0,1.37,0.0,0.0,0.0756,13.2,27875999.0,21968070.0,0.0,69.44,502
2021-07-30,1029811.0,4950.0,23360.0,65.0,1.35,0.0,15936674.0,0.0846,11.8,28743225.0,22638911.0,0.0,69.44,503
2021-07-31,1034837.0,5026.0,23422.0,62.0,1.32,0.0,0.0,0.0833,12.0,29648055.0,23335634.0,0.0,56.48,504
2021-08-01,1039695.0,4858.0,23462.0,40.0,1.28,0.0,0.0,0.084,11.9,30590183.0,24086196.0,0.0,64.81,505
2021-08-02,1043277.0,3582.0,23529.0,67.0,1.25,0.0,0.0,0.0827,12.1,0.0,0.0,0.0,70.37,506
2021-08-03,1047999.0,4722.0,23575.0,46.0,1.22,0.0,16158330.0,0.0821,12.2,33059676.0,26146476.0,0.0,70.37,507
2021-08-04,1053660.0,5661.0,23635.0,60.0,1.2,0.0,0.0,0.0845,11.8,34204053.0,27117311.0,0.0,70.37,508
2021-08-05,1058405.0,4745.0,23702.0,67.0,1.17,0.0,0.0,0.0845,11.8,35306892.0,28067624.0,0.0,70.37,509
2021-08-06,1063125.0,4720.0,23797.0,95.0,1.14,0.0,16336171.0,0.0834,12.0,36331025.0,28885841.0,0.0,70.37,510
2021-08-07,1067580.0,4455.0,23865.0,68.0,1.11,57233.0,16393404.0,0.0816,12.3,37424706.0,29789315.0,0.0,70.37,511
2021-08-08,1071620.0,4040.0,23918.0,53.0,1.08,55002.0,16448406.0,0.0796,12.6,0.0,0.0,0.0,70.37,512
2021-08-09,1075504.0,3884.0,24004.0,86.0,1.07,53528.0,16501934.0,0.0808,12.4,38722292.0,30921232.0,10897649.0,70.37,513
2021-08-10,1080360.0,4856.0,24085.0,81.0,1.05,49506.0,16551440.0,0.0823,12.1,39712007.0,31779365.0,11229247.0,70.37,514
2021-08-11,1085294.0,4934.0,24187.0,102.0,1.04,64690.0,16616130.0,0.0794,12.6,40664110.0,32607884.0,11497462.0,70.37,515
2021-08-12,1089913.0,4619.0,24266.0,79.0,1.02,59397.0,16675527.0,0.079,12.7,41467713.0,33301594.0,11646699.0,70.37,516
2021-08-13,1094699.0,4786.0,24339.0,73.0,1.0,59504.0,16735031.0,0.0792,12.6,42173424.0,33908397.0,11956552.0,70.37,517
2021-08-14,1098410.0,3711.0,24406.0,67.0,0.98,59136.0,16794167.0,0.0769,13.0,0.0,0.0,0.0,70.37,518
2021-08-15,1102079.0,3669.0,24478.0,72.0,0.96,0.0,0.0,0.0766,13.1,42688545.0,34343317.0,12104373.0,70.37,519
2021-08-16,1105300.0,3221.0,24573.0,95.0,0.96,0.0,0.0,0.0752,13.3,0.0,0.0,0.0,70.37,520
2021-08-17,1109274.0,3974.0,24639.0,66.0,0.95,0.0,16950196.0,0.0725,13.8,44322217.0,35564636.0,12658359.0,68.52,521
2021-08-18,1113647.0,4373.0,24713.0,74.0,0.95,57460.0,17007656.0,0.0724,13.8,44736977.0,35873735.0,12795662.0,68.52,522
2021-08-19,1116886.0,3239.0,24783.0,70.0,0.95,55634.0,17063290.0,0.0696,14.4,0.0,0.0,0.0,68.52,523
2021-08-20,1119970.0,3084.0,24848.0,65.0,0.95,51982.0,17115272.0,0.0665,15.0,45540221.0,36458408.0,13022591.0,68.52,524
2021-08-21,1123812.0,3842.0,24923.0,75.0,0.96,53770.0,17169042.0,0.0678,14.8,46456077.0,37043561.0,13434605.0,68.52,525
2021-08-22,1127584.0,3772.0,25003.0,80.0,0.98,0.0,0.0,0.0677,14.8,0.0,0.0,0.0,68.52,526
2021-08-23,1131659.0,4075.0,25094.0,91.0,0.99,0.0,17276450.0,0.0697,14.4,0.0,0.0,0.0,68.52,527
2021-08-24,1135858.0,4199.0,25220.0,126.0,1.0,0.0,0.0,0.0687,14.6,47802106.0,37923650.0,13970584.0,68.52,528
2021-08-25,1140411.0,4553.0,25320.0,100.0,1.0,0.0,17397803.0,0.0686,14.6,0.0,0.0,0.0,68.52,529
2021-08-26,1144341.0,3930.0,25415.0,95.0,0.99,61446.0,17459249.0,0.0693,14.4,50985184.0,39951787.0,15269699.0,68.52,530
2021-08-27,1148572.0,4231.0,25535.0,120.0,0.99,61036.0,17520285.0,0.0706,14.2,0.0,0.0,0.0,68.52,531
2021-08-28,1152481.0,3909.0,25604.0,69.0,0.98,64738.0,17585023.0,0.0689,14.5,0.0,0.0,0.0,68.52,532
2021-08-29,1156281.0,3800.0,25670.0,66.0,0.98,62918.0,17647941.0,0.0675,14.8,53314628.0,41477587.0,16171867.0,68.52,533
2021-08-30,1160119.0,3838.0,25788.0,118.0,0.98,56279.0,17704220.0,0.0665,15.0,0.0,0.0,0.0,68.52,534
2021-08-31,1163688.0,3569.0,25889.0,101.0,0.97,52112.0,17756332.0,0.0664,15.1,56768446.0,43791885.0,17455249.0,68.52,535
2021-09-01,1167757.0,4069.0,25978.0,89.0,0.96,53637.0,17809969.0,0.0663,15.1,58156714.0,44701679.0,18004529.0,68.52,536
2021-09-02,1171578.0,3821.0,26035.0,57.0,0.96,61651.0,17871620.0,0.066,15.1,59384758.0,45498115.0,18512319.0,68.52,537
2021-09-03,1171578.0,0.0,26035.0,0.0,0.96,59745.0,17931365.0,0.056,17.9,0.0,0.0,0.0,68.52,538
2021-09-04,1179305.0,7727.0,26175.0,140.0,1.0,64053.0,17995418.0,0.0654,15.3,0.0,0.0,0.0,68.52,539
2021-09-05,1182918.0,3613.0,26232.0,57.0,0.99,57908.0,18053326.0,0.0657,15.2,61724580.0,47054090.0,19427419.0,68.52,540
2021-09-06,1186234.0,3316.0,26330.0,98.0,0.97,57131.0,18110457.0,0.0643,15.6,63319214.0,48106755.0,20058377.0,68.52,541
2021-09-07,1190136.0,3902.0,26413.0,83.0,0.96,52314.0,18162771.0,0.0651,15.4,64554859.0,48943904.0,20525969.0,68.52,542
2021-09-08,1194198.0,4062.0,26497.0,84.0,0.94,0.0,0.0,0.0638,15.7,65505999.0,49572385.0,20912015.0,68.52,543
2021-09-09,1197887.0,3689.0,26580.0,83.0,0.92,0.0,18286469.0,0.0634,15.8,66456245.0,50195479.0,21292706.0,68.52,544
2021-09-10,1201367.0,3480.0,26662.0,82.0,0.9,61128.0,18347597.0,0.0716,14.0,67342288.0,50803582.0,21613626.0,68.52,545
2021-09-11,1204520.0,3153.0,26720.0,58.0,0.88,63181.0,18410778.0,0.0607,16.5,0.0,0.0,0.0,71.3,546
2021-09-12,1207508.0,2988.0,26787.0,67.0,0.87,57792.0,18468570.0,0.0592,16.9,68227337.0,51390802.0,21962455.0,71.3,547
2021-09-13,1210082.0,2574.0,26865.0,78.0,0.85,53158.0,18521728.0,0.058,17.2,0.0,0.0,0.0,71.3,548
2021-09-14,1212809.0,2727.0,26938.0,73.0,0.84,46930.0,18568658.0,0.0559,17.9,70402987.0,52798836.0,22873298.0,71.3,549
2021-09-15,1215821.0,3012.0,27004.0,66.0,0.83,0.0,0.0,0.0539,18.5,0.0,0.0,0.0,71.3,550
2021-09-16,1218749.0,2928.0,27072.0,68.0,0.82,0.0,18682730.0,0.0526,19.0,71311567.0,53396378.0,23241257.0,68.52,551
2021-09-17,1221261.0,2512.0,27135.0,63.0,0.82,57626.0,18740356.0,0.0507,19.7,72986511.0,54436916.0,23966026.0,68.52,552
2021-09-18,1223841.0,2580.0,27206.0,71.0,0.8,57077.0,18797433.0,0.05,20.0,0.0,0.0,0.0,58.8,553
2021-09-19,1226008.0,2167.0,27246.0,40.0,0.8,55027.0,18852460.0,0.0482,20.8,73831778.0,54919437.0,24376310.0,58.8,554
2021-09-20,1227905.0,1897.0,27327.0,81.0,0.79,51348.0,18903808.0,0.0466,21.4,74837117.0,55490525.0,24868018.0,58.8,555
2021-09-21,1230238.0,2333.0,27374.0,47.0,0.79,46231.0,18950039.0,0.0457,21.9,0.0,0.0,0.0,58.8,556
2021-09-22,1232595.0,2357.0,27432.0,58.0,0.78,51139.0,19001178.0,0.0447,22.4,76141484.0,56229457.0,25493964.0,58.8,557
2021-09-23,1234828.0,2233.0,27482.0,50.0,0.78,48151.0,19049329.0,0.0439,22.8,0.0,0.0,0.0,58.8,558
2021-09-24,1236888.0,2060.0,27524.0,42.0,0.77,52788.0,19102117.0,0.0432,23.1,0.0,0.0,0.0,58.8,559
2021-09-25,1238668.0,1780.0,27566.0,42.0,0.76,44958.0,19147075.0,0.0424,23.6,0.0,0.0,0.0,58.8,560
2021-09-26,1240425.0,1757.0,27597.0,31.0,0.76,44712.0,19191787.0,0.0425,23.5,0.0,0.0,0.0,50.46,561
2021-09-27,1241825.0,1400.0,27638.0,41.0,0.75,48732.0,19240519.0,0.0413,24.2,79533208.0,57897219.0,27331678.0,50.46,562
2021-09-28,1243385.0,1560.0,27690.0,52.0,0.75,44116.0,19284635.0,0.0393,25.5,80508569.0,58405873.0,27405873.0,50.46,563
2021-09-29,1245127.0,1742.0,27729.0,39.0,0.75,48836.0,19333471.0,0.0377,26.5,0.0,0.0,0.0,50.46,564
2021-09-30,1246538.0,1411.0,27785.0,56.0,0.75,52635.0,19386106.0,0.0348,28.8,82830350.0,59565195.0,29054821.0,50.46,565
2021-10-01,1248202.0,1664.0,27831.0,46.0,0.76,0.0,0.0,0.0338,29.6,0.0,0.0,0.0,47.69,566
2021-10-02,1249858.0,1656.0,27866.0,35.0,0.76,0.0,19486951.0,0.0329,30.4,0.0,0.0,0.0,47.69,567
2021-10-03,1251348.0,1490.0,27893.0,27.0,0.75,0.0,0.0,0.0315,31.7,0.0,0.0,0.0,47.69,568
2021-10-04,1252656.0,1308.0,27947.0,54.0,0.74,0.0,19590145.0,0.031,32.3,86630655.0,61538995.0,31020211.0,47.69,569
2021-10-05,1253868.0,1212.0,27986.0,39.0,0.73,48907.0,19639052.0,0.0296,33.8,87741079.0,62076090.0,31632731.0,47.69,570
2021-10-06,1255321.0,1453.0,28032.0,46.0,0.72,46477.0,19685529.0,0.029,34.5,0.0,0.0,0.0,47.69,571
2021-10-07,1256233.0,912.0,28058.0,26.0,0.7,51343.0,19736872.0,0.0276,36.2,89719686.0,63046740.0,32723061.0,47.69,572
2021-10-08,1257188.0,955.0,28087.0,29.0,0.7,45619.0,19782491.0,0.026,38.5,0.0,0.0,0.0,47.69,573
2021-10-09,1258015.0,827.0,28106.0,19.0,0.7,44557.0,19827048.0,0.024,41.7,0.0,0.0,0.0,47.69,574
2021-10-10,1258959.0,944.0,28134.0,28.0,0.71,40584.0,19867632.0,0.0231,43.2,0.0,0.0,0.0,47.69,575
2021-10-11,1259648.0,689.0,28152.0,18.0,0.71,43389.0,19911021.0,0.0218,45.9,92597193.0,64463928.0,34299139.0,47.69,576
2021-10-12,1260669.0,1021.0,28173.0,21.0,0.72,42476.0,19953497.0,0.0216,46.2,93551193.0,64947702.0,34809848.0,50.46,577
2021-10-13,1261685.0,1016.0,28201.0,28.0,0.73,43578.0,19997075.0,0.0204,49.0,0.0,0.0,0.0,50.46,578
2021-10-14,1262771.0,1086.0,28228.0,27.0,0.73,47934.0,20045009.0,0.0212,47.1,0.0,0.0,0.0,50.46,579
2021-10-15,1263664.0,893.0,28252.0,24.0,0.73,53590.0,20098599.0,0.0205,48.8,0.0,0.0,0.0,50.46,580
2021-10-16,1264384.0,720.0,28269.0,17.0,0.72,0.0,0.0,0.0201,49.8,0.0,0.0,0.0,50.46,581
2021-10-17,1265047.0,663.0,28280.0,11.0,0.71,0.0,0.0,0.0189,53.0,0.0,0.0,0.0,45.37,582
2021-10-18,1265650.0,603.0,28300.0,20.0,0.71,0.0,20235921.0,0.0185,54.1,0.0,0.0,0.0,45.37,583
2021-10-19,1266204.0,554.0,28312.0,12.0,0.71,43776.0,20279697.0,0.017,58.9,0.0,0.0,0.0,45.37,584
2021-10-20,1266826.0,622.0,28328.0,16.0,0.72,42126.0,20321823.0,0.0158,63.2,98607708.0,67580193.0,37468751.0,45.37,585
2021-10-21,1267393.0,567.0,28344.0,16.0,0.74,44334.0,20366157.0,0.0144,69.5,99335067.0,67956040.0,37855681.0,45.37,586
2021-10-22,1267945.0,552.0,28359.0,15.0,0.75,39200.0,20405357.0,0.014,71.7,0.0,0.0,0.0,45.37,587
2021-10-23,1268536.0,591.0,28377.0,18.0,0.78,0.0,0.0,0.0137,72.8,100741762.0,68666464.0,38596890.0,45.37,588
2021-10-24,1269234.0,698.0,28386.0,9.0,0.8,0.0,20488058.0,0.0141,71.2,0.0,0.0,0.0,45.37,589
2021-10-25,1269806.0,572.0,28392.0,6.0,0.81,42095.0,20530153.0,0.0141,70.8,0.0,0.0,0.0,45.37,590
2021-10-26,1270322.0,516.0,28405.0,13.0,0.82,42096.0,20572249.0,0.0141,71.0,102067945.0,69341110.0,39303110.0,39.81,591
2021-10-27,1271027.0,705.0,28414.0,9.0,0.84,38432.0,20610681.0,0.0145,68.8,0.0,0.0,0.0,39.81,592
2021-10-28,1271687.0,660.0,28431.0,17.0,0.85,49486.0,20660167.0,0.0146,68.5,103514198.0,70139040.0,40016932.0,39.81,593
2021-10-29,1272345.0,658.0,28439.0,8.0,0.86,45121.0,20705288.0,0.0147,68.2,0.0,0.0,0.0,39.81,594
2021-10-30,1273078.0,733.0,28449.0,10.0,0.86,0.0,0.0,0.015,66.8,0.0,0.0,0.0,39.81,595
2021-10-31,1273560.0,482.0,28456.0,7.0,0.85,0.0,0.0,0.0141,70.9,0.0,0.0,0.0,39.81,596
2021-11-01,1274017.0,457.0,28466.0,10.0,0.84,0.0,20839791.0,0.0136,73.5,105881931.0,71328306.0,41319385.0,44.91,597
2021-11-02,1274578.0,561.0,28477.0,11.0,0.84,39296.0,20879087.0,0.0139,72.1,106984156.0,71907993.0,41902093.0,44.91,598
2021-11-03,1275158.0,580.0,28496.0,19.0,0.84,43914.0,20923001.0,0.0132,75.6,0.0,0.0,0.0,44.91,599
2021-11-04,1275673.0,515.0,28507.0,11.0,0.84,43899.0,20966900.0,0.013,77.0,109586984.0,73315751.0,43231870.0,44.91,600
2021-11-05,1276240.0,567.0,28518.0,11.0,0.84,44148.0,21011048.0,0.0127,78.5,110800576.0,73979036.0,43849554.0,44.91,601
2021-11-06,1276711.0,471.0,28538.0,20.0,0.84,46918.0,21057966.0,0.0118,84.7,0.0,0.0,0.0,44.91,602
2021-11-07,1277160.0,449.0,28547.0,9.0,0.83,43348.0,21101314.0,0.0118,85.1,111967455.0,74621225.0,44431071.0,44.91,603
2021-11-08,1277560.0,400.0,28558.0,11.0,0.83,41709.0,21143023.0,0.0117,85.6,113188078.0,75278560.0,45084862.0,44.91,604
2021-11-09,1278114.0,554.0,28566.0,8.0,0.82,42373.0,21185396.0,0.0115,86.6,114891170.0,76139355.0,45986932.0,44.91,605
2021-11-10,1278751.0,637.0,28575.0,9.0,0.81,46128.0,21231524.0,0.0116,85.9,116131086.0,76784188.0,46660734.0,44.91,606
2021-11-11,1279142.0,391.0,28584.0,9.0,0.78,48882.0,21280406.0,0.0111,90.4,117243931.0,77343569.0,47231914.0,44.91,607
2021-11-12,1279373.0,231.0,28595.0,11.0,0.76,38524.0,21318930.0,0.0102,98.3,118333360.0,77877215.0,47804912.0,44.91,608
2021-11-13,1279373.0,0.0,28595.0,0.0,0.76,0.0,0.0,0.009,110.6,0.0,0.0,0.0,44.91,609
2021-11-14,1279876.0,503.0,28612.0,17.0,0.79,0.0,0.0,0.0096,104.7,119035991.0,78215285.0,48185021.0,44.91,610
2021-11-15,1280092.0,216.0,28618.0,6.0,0.8,0.0,21419025.0,0.0092,109.0,119436714.0,78406714.0,48408374.0,44.91,611
2021-11-16,1280362.0,270.0,28628.0,10.0,0.82,33435.0,21452460.0,0.0084,118.8,119738546.0,78534263.0,48600660.0,44.91,612
2021-11-17,1280822.0,460.0,28638.0,10.0,0.85,0.0,0.0,0.008,124.3,120003443.0,78654489.0,48749422.0,44.91,613
2021-11-18,1281240.0,418.0,28648.0,10.0,0.86,0.0,21525597.0,0.0086,116.9,120233579.0,78747199.0,48890845.0,44.91,614
2021-11-19,1281559.0,319.0,28655.0,7.0,0.87,40141.0,21565738.0,0.0089,112.9,120448598.0,78845170.0,49010906.0,44.91,615
2021-11-20,1281872.0,313.0,28659.0,4.0,0.88,0.0,0.0,0.0099,101.3,0.0,0.0,0.0,44.91,616
2021-11-21,1282195.0,323.0,28663.0,4.0,0.89,0.0,21644957.0,0.0089,111.8,0.0,0.0,0.0,44.91,617
2021-11-22,1282510.0,315.0,28668.0,5.0,0.9,0.0,0.0,0.0092,108.5,121158338.0,79232745.0,49343712.0,44.91,618
2021-11-23,1282860.0,350.0,28677.0,9.0,0.91,0.0,21717637.0,0.0094,106.2,121470994.0,79407984.0,49483995.0,44.91,619
2021-11-24,1283223.0,363.0,28690.0,13.0,0.92,38038.0,21755675.0,0.009,111.1,121777985.0,79587750.0,49613535.0,44.91,620
2021-11-25,1283475.0,252.0,28697.0,7.0,0.93,41240.0,21796915.0,0.0082,121.4,0.0,0.0,0.0,44.91,621
2021-11-26,1283886.0,411.0,28704.0,7.0,0.95,35176.0,21832091.0,0.0087,114.5,122319215.0,79903178.0,49844419.0,44.91,622
2021-11-27,1284189.0,303.0,28709.0,5.0,0.96,44598.0,21876689.0,0.0085,117.1,0.0,0.0,0.0,44.91,623
2021-11-28,1284365.0,176.0,28718.0,9.0,0.97,0.0,0.0,0.0081,123.5,122561478.0,79999013.0,49954582.0,44.91,624
2021-11-29,1284840.0,475.0,28728.0,10.0,1.01,0.0,0.0,0.0087,115.1,123032063.0,80284860.0,50184100.0,43.06,625
2021-11-30,1285254.0,414.0,28737.0,9.0,1.01,0.0,21985775.0,0.0089,112.0,0.0,0.0,0.0,43.06,626
2021-12-01,1285631.0,377.0,28745.0,8.0,1.0,42381.0,22028156.0,0.0088,113.2,124054300.0,80779778.0,50735744.0,43.06,627
2021-12-02,1286022.0,391.0,28753.0,8.0,1.0,44137.0,22072293.0,0.0092,108.1,124760553.0,81076341.0,51163078.0,43.06,628
2021-12-03,1286453.0,431.0,28761.0,8.0,1.0,46457.0,22118750.0,0.009,111.7,0.0,0.0,0.0,43.06,629
2021-12-04,1286825.0,372.0,28767.0,6.0,0.98,0.0,0.0,0.0091,109.4,0.0,0.0,0.0,43.06,630
2021-12-05,1287161.0,336.0,28777.0,10.0,0.97,0.0,22211141.0,0.0094,106.6,126586512.0,81806077.0,52303524.0,43.06,631
2021-12-06,1287393.0,232.0,28784.0,7.0,0.95,41201.0,22252342.0,0.0084,118.7,127706528.0,82224088.0,53031529.0,54.17,632
2021-12-07,1287703.0,310.0,28793.0,9.0,0.95,0.0,0.0,0.0079,126.5,0.0,0.0,0.0,54.17,633
2021-12-08,1288053.0,350.0,28803.0,10.0,0.95,0.0,22338650.0,0.0078,128.2,130107583.0,83180958.0,54556748.0,54.17,634
2021-12-09,1288366.0,313.0,28812.0,9.0,0.95,0.0,0.0,0.0075,132.8,131311097.0,83679855.0,55309570.0,54.17,635
2021-12-10,1288761.0,395.0,28823.0,11.0,0.95,0.0,22428325.0,0.0075,134.1,132638510.0,84243233.0,56119999.0,54.17,636
2021-12-11,1289049.0,288.0,28830.0,7.0,0.95,50859.0,22479184.0,0.0071,141.3,0.0,0.0,0.0,54.17,637
2021-12-12,1289293.0,244.0,28836.0,6.0,0.95,46006.0,22525190.0,0.0068,147.3,133901703.0,84783151.0,56861225.0,54.17,638
2021-12-13,1289543.0,250.0,28839.0,3.0,0.96,39387.0,22564577.0,0.0069,145.2,134818017.0,85208104.0,57364128.0,54.17,639
2021-12-14,1289913.0,370.0,28843.0,4.0,0.97,36854.0,22601431.0,0.0072,138.4,135923461.0,85736920.0,57979552.0,54.17,640
2021-12-15,1290214.0,301.0,28849.0,6.0,0.97,44699.0,22646130.0,0.007,142.3,137120270.0,86333973.0,58685427.0,54.17,641
2021-12-16,1290491.0,277.0,28863.0,14.0,0.98,42895.0,22689025.0,0.007,143.8,138365328.0,86968178.0,59361468.0,54.17,642
2021-12-17,1290491.0,0.0,28863.0,0.0,1.0,41927.0,22730952.0,0.0057,174.9,0.0,0.0,0.0,54.17,643
2021-12-18,1291108.0,617.0,28872.0,9.0,1.07,47903.0,22778855.0,0.0069,145.5,0.0,0.0,0.0,54.17,644
2021-12-19,1291467.0,359.0,28878.0,6.0,1.08,42640.0,22821495.0,0.0073,136.3,141509339.0,88492869.0,61084339.0,54.17,645
2021-12-20,1291737.0,270.0,28882.0,4.0,1.08,43242.0,22864737.0,0.0073,136.8,142713705.0,89091860.0,61761440.0,54.17,646
2021-12-21,1292047.0,310.0,28892.0,10.0,1.08,42506.0,22907243.0,0.007,143.3,144064235.0,89792114.0,62547553.0,54.17,647
2021-12-22,1292406.0,359.0,28894.0,2.0,1.09,46991.0,22954234.0,0.0071,140.6,145453360.0,90529877.0,63382390.0,54.17,648
2021-12-23,1292728.0,322.0,28898.0,4.0,1.11,46564.0,23000798.0,0.0072,139.4,0.0,0.0,0.0,54.17,649
2021-12-24,1293081.0,353.0,28905.0,7.0,1.13,47811.0,23048609.0,0.0082,122.6,148265690.0,92086806.0,65149948.0,54.17,650
2021-12-25,1293440.0,359.0,28907.0,2.0,1.15,48148.0,23096757.0,0.0073,136.3,0.0,0.0,0.0,54.17,651
2021-12-26,1293715.0,275.0,28909.0,2.0,1.19,52050.0,23148807.0,0.0069,145.6,0.0,0.0,0.0,54.17,652
2021-12-27,1294031.0,316.0,28912.0,3.0,1.23,40531.0,23189338.0,0.0071,141.5,151951087.0,94261625.0,0.0,54.17,653
2021-12-28,1294379.0,348.0,28918.0,6.0,1.28,0.0,0.0,0.0072,139.1,153477237.0,95159489.0,68508472.0,54.17,654
2021-12-29,1294861.0,482.0,28921.0,3.0,1.34,0.0,23273887.0,0.0077,130.2,0.0,0.0,0.0,54.17,655
2021-12-30,1295376.0,515.0,28927.0,6.0,1.4,50662.0,23324549.0,0.0082,122.3,156623021.0,96980678.0,70576467.0,54.17,656
2021-12-31,1295933.0,557.0,28933.0,6.0,1.45,47856.0,23372405.0,0.0088,113.5,0.0,0.0,0.0,54.17,657
2022-01-01,1296527.0,594.0,28941.0,8.0,1.51,51141.0,23423546.0,0.0094,105.9,0.0,0.0,0.0,54.17,658
2022-01-02,1297235.0,708.0,28943.0,2.0,1.57,45585.0,23469131.0,0.011,91.0,0.0,0.0,0.0,54.17,659
2022-01-03,1297865.0,630.0,28945.0,2.0,1.62,45643.0,23514774.0,0.0118,84.9,159058469.0,98201766.0,72060508.0,54.17,660
2022-01-04,1298763.0,898.0,28950.0,5.0,1.68,44198.0,23558972.0,0.0134,74.7,159900613.0,98560854.0,72546719.0,54.17,661
2022-01-05,1299848.0,1085.0,28955.0,5.0,1.72,49673.0,23608645.0,0.0149,67.1,160651005.0,98863864.0,72995114.0,54.17,662
2022-01-06,1301141.0,1293.0,28961.0,6.0,1.76,46585.0,23655230.0,0.0174,57.4,161409693.0,99144159.0,73484322.0,54.17,663
2022-01-07,1302486.0,1345.0,28962.0,1.0,1.79,51145.0,23706375.0,0.0196,51.0,162115885.0,99454273.0,73862234.0,54.17,664
2022-01-08,1304058.0,1572.0,28969.0,7.0,1.81,46537.0,23752912.0,0.0229,43.7,0.0,0.0,0.0,54.17,665
2022-01-09,1305707.0,1649.0,28972.0,3.0,1.84,49658.0,23802570.0,0.0254,39.4,0.0,0.0,0.0,54.17,666
2022-01-10,1307174.0,1467.0,28974.0,2.0,1.86,45002.0,23847572.0,0.028,35.8,0.0,0.0,0.0,54.17,667
2022-01-11,1309248.0,2074.0,28987.0,13.0,1.89,0.0,0.0,0.0315,31.7,163648656.0,100410291.0,75225220.0,54.17,668
2022-01-12,1312267.0,3019.0,28992.0,5.0,1.92,0.0,23935232.0,0.038,26.3,165296972.0,100797079.0,75686387.0,54.17,669
2022-01-13,1315834.0,3567.0,28999.0,7.0,1.93,49270.0,23984502.0,0.0446,22.4,166083807.0,101124956.0,76162035.0,54.17,670
2022-01-14,1320120.0,4286.0,29003.0,4.0,1.92,48449.0,24032951.0,0.054,18.5,166837089.0,101457925.0,76649649.0,54.17,671
2022-01-15,1324147.0,4027.0,29012.0,9.0,1.88,52522.0,24085473.0,0.0604,16.6,0.0,0.0,0.0,54.17,672
2022-01-16,1328487.0,4340.0,29019.0,7.0,1.85,51236.0,24136709.0,0.0682,14.7,0.0,0.0,0.0,54.17,673
2022-01-17,1333521.0,5034.0,29029.0,10.0,1.82,49799.0,24186508.0,0.0777,12.9,168365369.0,102107155.0,77485124.0,54.17,674
2022-01-18,1338993.0,5472.0,29037.0,8.0,1.77,53253.0,24239761.0,0.0854,11.7,169131246.0,102396649.0,77932013.0,54.17,675
2022-01-19,1345801.0,6808.0,29042.0,5.0,1.72,57669.0,24297430.0,0.0926,10.8,169925841.0,102688959.0,78389942.0,54.17,676
2022-01-20,1353479.0,7678.0,29065.0,23.0,1.66,58943.0,24356373.0,0.1012,9.9,170711868.0,102975552.0,78860543.0,65.28,677
2022-01-21,1360019.0,6540.0,29077.0,12.0,1.59,59343.0,24415716.0,0.1042,9.6,0.0,0.0,0.0,65.28,678
2022-01-22,1367605.0,7586.0,29097.0,20.0,1.53,58902.0,24474618.0,0.1117,9.0,0.0,0.0,0.0,65.28,679
2022-01-23,1374800.0,7195.0,29105.0,8.0,1.47,58334.0,24532952.0,0.1169,8.6,0.0,0.0,0.0,65.28,680
2022-01-24,1381152.0,6352.0,29122.0,17.0,1.4,0.0,0.0,0.1191,8.4,172836036.0,103805835.0,80041973.0,65.28,681
2022-01-25,1386348.0,5196.0,29137.0,15.0,1.34,0.0,24639942.0,0.1183,8.5,0.0,0.0,0.0,65.28,682
2022-01-26,1393887.0,7539.0,29162.0,25.0,1.29,51063.0,24691005.0,0.1222,8.2,0.0,0.0,0.0,65.28,683
2022-01-27,1402070.0,8183.0,29192.0,30.0,1.25,0.0,0.0,0.1213,8.2,174085175.0,104228089.0,80748105.0,65.28,684
2022-01-28,1410033.0,7963.0,29219.0,27.0,1.21,0.0,24822901.0,0.1228,8.1,0.0,0.0,0.0,65.28,685
2022-01-29,1417991.0,7958.0,29248.0,29.0,1.16,0.0,0.0,0.1213,8.2,0.0,0.0,0.0,65.28,686
2022-01-30,1425039.0,7048.0,29269.0,21.0,1.11,0.0,24957306.0,0.1184,8.4,0.0,0.0,0.0,65.28,687
2022-01-31,1430366.0,5327.0,29301.0,32.0,1.05,61077.0,25018383.0,0.1139,8.8,0.0,0.0,0.0,65.28,688
2022-02-01,1436413.0,6047.0,29330.0,29.0,1.0,0.0,0.0,0.1147,8.7,177483355.0,105575650.0,82554781.0,65.28,689
2022-02-02,1442263.0,5850.0,29372.0,42.0,0.96,0.0,25134775.0,0.109,9.2,178996974.0,106328291.0,83275083.0,65.28,690
2022-02-03,1448663.0,6400.0,29420.0,48.0,0.92,59786.0,25194561.0,0.1065,9.4,180661534.0,107277517.0,83946354.0,65.28,691
2022-02-04,1454800.0,6137.0,29448.0,28.0,0.88,64162.0,25258723.0,0.1027,9.7,182396048.0,108173867.0,84731497.0,65.28,692
2022-02-05,1459773.0,4973.0,29478.0,30.0,0.84,0.0,0.0,0.0987,10.1,0.0,0.0,0.0,65.28,693
2022-02-06,1463111.0,3338.0,29516.0,38.0,0.8,0.0,0.0,0.0927,10.8,185979557.0,110213721.0,86200581.0,65.28,694
2022-02-07,1465910.0,2799.0,29553.0,37.0,0.78,0.0,25422966.0,0.0879,11.4,187996736.0,111408710.0,87052879.0,65.28,695
2022-02-08,1470161.0,4251.0,29601.0,48.0,0.75,0.0,0.0,0.0842,11.9,190064703.0,112635918.0,87945007.0,65.28,696
2022-02-09,1474075.0,3914.0,29648.0,47.0,0.73,0.0,0.0,0.0802,12.5,192248104.0,113907970.0,88868554.0,65.28,697
2022-02-10,1477573.0,3498.0,29687.0,39.0,0.71,0.0,0.0,0.0739,13.5,194492475.0,115238268.0,89853639.0,65.28,698
2022-02-11,1480592.0,3019.0,29731.0,44.0,0.69,0.0,25639757.0,0.0677,14.8,0.0,0.0,0.0,65.28,699
2022-02-12,1483798.0,3206.0,29772.0,41.0,0.69,0.0,0.0,0.0633,15.8,0.0,0.0,0.0,65.28,700
2022-02-13,1486361.0,2563.0,29801.0,29.0,0.68,0.0,0.0,0.0615,16.2,200887927.0,119150808.0,92565125.0,65.28,701
2022-02-14,1488958.0,2597.0,29828.0,27.0,0.66,0.0,25799168.0,0.0613,16.3,203227145.0,120645745.0,93542689.0,65.28,702
2022-02-15,1491423.0,2465.0,29877.0,49.0,0.65,0.0,0.0,0.0573,17.4,0.0,0.0,0.0,65.28,703
2022-02-16,1494293.0,2870.0,29917.0,40.0,0.63,0.0,25896758.0,0.0553,18.1,205527345.0,122046024.0,94523444.0,65.28,704
2022-02-17,1496693.0,2400.0,29950.0,33.0,0.61,0.0,0.0,0.0529,18.9,0.0,0.0,0.0,65.28,705
2022-02-18,1498676.0,1983.0,29976.0,26.0,0.59,0.0,25997179.0,0.0506,19.8,0.0,0.0,0.0,65.28,706
2022-02-19,1500320.0,1644.0,30009.0,33.0,0.58,0.0,0.0,0.0471,21.2,0.0,0.0,0.0,65.28,707
2022-02-20,1501680.0,1360.0,30040.0,31.0,0.57,0.0,0.0,0.0445,22.5,0.0,0.0,0.0,65.28,708
2022-02-21,1502641.0,961.0,30053.0,13.0,0.55,0.0,26136422.0,0.0406,24.6,209438557.0,124309711.0,96218183.0,65.28,709
2022-02-22,1503873.0,1232.0,30096.0,43.0,0.55,38139.0,26174561.0,0.0381,26.2,0.0,0.0,0.0,54.17,710
2022-02-23,1505328.0,1455.0,30114.0,18.0,0.54,0.0,0.0,0.0345,29.0,0.0,0.0,0.0,54.17,711
2022-02-24,1506450.0,1122.0,30139.0,25.0,0.53,0.0,26258701.0,0.0313,31.9,0.0,0.0,0.0,0.0,712
2022-02-25,1507657.0,1207.0,30153.0,14.0,0.53,41142.0,26299843.0,0.0297,33.7,0.0,0.0,0.0,0.0,713
2022-02-26,1508504.0,847.0,30173.0,20.0,0.53,53625.0,26353468.0,0.0264,37.9,0.0,0.0,0.0,0.0,714
2022-02-27,1509360.0,856.0,30178.0,5.0,0.54,40127.0,26393595.0,0.0253,39.5,0.0,0.0,0.0,0.0,715
2022-02-28,1510221.0,861.0,30196.0,18.0,0.54,33357.0,26426952.0,0.0261,38.3,214661126.0,126722806.0,98809724.0,0.0,716
2022-03-01,1510986.0,765.0,30218.0,22.0,0.53,37566.0,26464518.0,0.0245,40.8,215117064.0,126951209.0,99049978.0,0.0,717
2022-03-02,1511754.0,768.0,30237.0,19.0,0.53,34296.0,26498814.0,0.0228,43.9,215539999.0,127117340.0,99292129.0,0.0,718
2022-03-03,1512707.0,953.0,30248.0,11.0,0.0,35281.0,26534095.0,0.0227,44.0,0.0,0.0,0.0,0.0,719
2022-03-04,1513503.0,796.0,30258.0,10.0,0.0,36678.0,26570773.0,0.0,0.0,0.0,0.0,0.0,0.0,720
2022-03-05,1514258.0,755.0,30265.0,7.0,0.0,0.0,0.0,0.0,0.0,216932641.0,127532069.0,100163961.0,0.0,721
